2026-03-08T23:02:32.122350+00:00 INFO 'ansible_navigator.setup_logger' New ansible-navigator instance, logging initialized
2026-03-08T23:02:32.127218+00:00 INFO 'ansible_navigator.setup_logger' New ansible-runner instance, logging initialized
2026-03-08T23:02:32.127329+00:00 DEBUG 'ansible_navigator.main' ansible-builder==1.1.0 /usr/lib/python3.9/site-packages
2026-03-08T23:02:32.127360+00:00 DEBUG 'ansible_navigator.main' ansible-core==2.13.0 /usr/lib/python3.9/site-packages
2026-03-08T23:02:32.127384+00:00 DEBUG 'ansible_navigator.main' ansible-navigator==2.1.0 /usr/lib/python3.9/site-packages
2026-03-08T23:02:32.127406+00:00 DEBUG 'ansible_navigator.main' ansible-runner==2.2.0 /usr/lib/python3.9/site-packages
2026-03-08T23:02:32.127427+00:00 DEBUG 'ansible_navigator.main' attrs==21.4.0 /usr/lib/python3.9/site-packages
2026-03-08T23:02:32.127448+00:00 DEBUG 'ansible_navigator.main' babel==2.9.1 /usr/lib/python3.9/site-packages
2026-03-08T23:02:32.127468+00:00 DEBUG 'ansible_navigator.main' bindep==2.10.2 /usr/lib/python3.9/site-packages
2026-03-08T23:02:32.127488+00:00 DEBUG 'ansible_navigator.main' brlapi==0.8.2 /usr/lib64/python3.9/site-packages
2026-03-08T23:02:32.127509+00:00 DEBUG 'ansible_navigator.main' certifi==2020.6.20 /usr/lib/python3.9/site-packages
2026-03-08T23:02:32.127529+00:00 DEBUG 'ansible_navigator.main' cffi==1.15.0 /usr/lib64/python3.9/site-packages
2026-03-08T23:02:32.127549+00:00 DEBUG 'ansible_navigator.main' chardet==4.0.0 /usr/lib/python3.9/site-packages
2026-03-08T23:02:32.127569+00:00 DEBUG 'ansible_navigator.main' charset-normalizer==2.0.11 /usr/lib/python3.9/site-packages
2026-03-08T23:02:32.127589+00:00 DEBUG 'ansible_navigator.main' chrome-gnome-shell==0.0.0 /usr/lib/python3.9/site-packages
2026-03-08T23:02:32.127608+00:00 DEBUG 'ansible_navigator.main' cloud-init==21.1 /usr/lib/python3.9/site-packages
2026-03-08T23:02:32.127628+00:00 DEBUG 'ansible_navigator.main' configobj==5.0.6 /usr/lib/python3.9/site-packages
2026-03-08T23:02:32.127648+00:00 DEBUG 'ansible_navigator.main' cryptography==36.0.1 /usr/lib64/python3.9/site-packages
2026-03-08T23:02:32.127668+00:00 DEBUG 'ansible_navigator.main' cupshelpers==1.0 /usr/lib/python3.9/site-packages
2026-03-08T23:02:32.127722+00:00 DEBUG 'ansible_navigator.main' dasbus==1.4 /usr/lib/python3.9/site-packages
2026-03-08T23:02:32.127743+00:00 DEBUG 'ansible_navigator.main' dbus-python==1.2.18 /usr/lib64/python3.9/site-packages
2026-03-08T23:02:32.127763+00:00 DEBUG 'ansible_navigator.main' decorator==4.4.2 /usr/lib/python3.9/site-packages
2026-03-08T23:02:32.127783+00:00 DEBUG 'ansible_navigator.main' distlib==0.3.4 /usr/local/lib/python3.9/site-packages
2026-03-08T23:02:32.127802+00:00 DEBUG 'ansible_navigator.main' distro==1.6.0 /usr/lib/python3.9/site-packages
2026-03-08T23:02:32.127822+00:00 DEBUG 'ansible_navigator.main' docutils==0.16 /usr/lib/python3.9/site-packages
2026-03-08T23:02:32.127842+00:00 DEBUG 'ansible_navigator.main' ethtool==0.15 /usr/lib64/python3.9/site-packages
2026-03-08T23:02:32.127861+00:00 DEBUG 'ansible_navigator.main' file-magic==0.4.0 /usr/lib/python3.9/site-packages
2026-03-08T23:02:32.127882+00:00 DEBUG 'ansible_navigator.main' filelock==3.7.0 /usr/local/lib/python3.9/site-packages
2026-03-08T23:02:32.127902+00:00 DEBUG 'ansible_navigator.main' gpg==1.15.1 /usr/lib64/python3.9/site-packages
2026-03-08T23:02:32.127922+00:00 DEBUG 'ansible_navigator.main' idna==3.3 /usr/lib/python3.9/site-packages
2026-03-08T23:02:32.127942+00:00 DEBUG 'ansible_navigator.main' iniparse==0.4 /usr/lib/python3.9/site-packages
2026-03-08T23:02:32.127962+00:00 DEBUG 'ansible_navigator.main' jinja2==3.0.3 /usr/lib/python3.9/site-packages
2026-03-08T23:02:32.127982+00:00 DEBUG 'ansible_navigator.main' jsonpatch==1.21 /usr/lib/python3.9/site-packages
2026-03-08T23:02:32.128001+00:00 DEBUG 'ansible_navigator.main' jsonpointer==2.0 /usr/lib/python3.9/site-packages
2026-03-08T23:02:32.128021+00:00 DEBUG 'ansible_navigator.main' jsonschema==3.2.0 /usr/lib/python3.9/site-packages
2026-03-08T23:02:32.128041+00:00 DEBUG 'ansible_navigator.main' libcomps==0.1.18 /usr/lib64/python3.9/site-packages
2026-03-08T23:02:32.128073+00:00 DEBUG 'ansible_navigator.main' lockfile==0.12.2 /usr/lib/python3.9/site-packages
2026-03-08T23:02:32.128094+00:00 DEBUG 'ansible_navigator.main' lxml==4.6.5 /usr/lib64/python3.9/site-packages
2026-03-08T23:02:32.128114+00:00 DEBUG 'ansible_navigator.main' markupsafe==2.1.0 /usr/lib64/python3.9/site-packages
2026-03-08T23:02:32.128134+00:00 DEBUG 'ansible_navigator.main' netifaces==0.10.6 /usr/lib64/python3.9/site-packages
2026-03-08T23:02:32.128154+00:00 DEBUG 'ansible_navigator.main' nftables==0.1 /usr/lib/python3.9/site-packages
2026-03-08T23:02:32.128174+00:00 DEBUG 'ansible_navigator.main' oauthlib==3.1.1 /usr/lib/python3.9/site-packages
2026-03-08T23:02:32.128194+00:00 DEBUG 'ansible_navigator.main' onigurumacffi==1.1.0 /usr/lib64/python3.9/site-packages
2026-03-08T23:02:32.128213+00:00 DEBUG 'ansible_navigator.main' packaging==21.2 /usr/lib/python3.9/site-packages
2026-03-08T23:02:32.128239+00:00 DEBUG 'ansible_navigator.main' parsley==1.3 /usr/lib/python3.9/site-packages
2026-03-08T23:02:32.128260+00:00 DEBUG 'ansible_navigator.main' pbr==5.8.1 /usr/lib/python3.9/site-packages
2026-03-08T23:02:32.128279+00:00 DEBUG 'ansible_navigator.main' perf==0.1 /usr/lib64/python3.9/site-packages
2026-03-08T23:02:32.128299+00:00 DEBUG 'ansible_navigator.main' pexpect==4.8.0 /usr/lib/python3.9/site-packages
2026-03-08T23:02:32.128318+00:00 DEBUG 'ansible_navigator.main' pip==21.2.3 /usr/lib/python3.9/site-packages
2026-03-08T23:02:32.128338+00:00 DEBUG 'ansible_navigator.main' platformdirs==2.5.2 /usr/local/lib/python3.9/site-packages
2026-03-08T23:02:32.128358+00:00 DEBUG 'ansible_navigator.main' ply==3.11 /usr/lib/python3.9/site-packages
2026-03-08T23:02:32.128377+00:00 DEBUG 'ansible_navigator.main' prettytable==0.7.2 /usr/lib/python3.9/site-packages
2026-03-08T23:02:32.128397+00:00 DEBUG 'ansible_navigator.main' psutil==5.8.0 /usr/lib64/python3.9/site-packages
2026-03-08T23:02:32.128429+00:00 DEBUG 'ansible_navigator.main' ptyprocess==0.6.0 /usr/lib/python3.9/site-packages
2026-03-08T23:02:32.128448+00:00 DEBUG 'ansible_navigator.main' pycairo==1.20.0 /usr/lib64/python3.9/site-packages
2026-03-08T23:02:32.128466+00:00 DEBUG 'ansible_navigator.main' pycparser==2.21 /usr/lib/python3.9/site-packages
2026-03-08T23:02:32.128485+00:00 DEBUG 'ansible_navigator.main' pycups==2.0.1 /usr/lib64/python3.9/site-packages
2026-03-08T23:02:32.128503+00:00 DEBUG 'ansible_navigator.main' pycurl==7.43.0.6 /usr/lib64/python3.9/site-packages
2026-03-08T23:02:32.128521+00:00 DEBUG 'ansible_navigator.main' pyenchant==3.2.0 /usr/lib/python3.9/site-packages
2026-03-08T23:02:32.128539+00:00 DEBUG 'ansible_navigator.main' pygobject==3.40.1 /usr/lib64/python3.9/site-packages
2026-03-08T23:02:32.128558+00:00 DEBUG 'ansible_navigator.main' pyinotify==0.9.6 /usr/lib/python3.9/site-packages
2026-03-08T23:02:32.128577+00:00 DEBUG 'ansible_navigator.main' pyopenssl==19.1.0 /usr/lib/python3.9/site-packages
2026-03-08T23:02:32.128595+00:00 DEBUG 'ansible_navigator.main' pyparsing==2.4.7 /usr/lib/python3.9/site-packages
2026-03-08T23:02:32.128613+00:00 DEBUG 'ansible_navigator.main' pyrsistent==0.17.3 /usr/lib64/python3.9/site-packages
2026-03-08T23:02:32.128632+00:00 DEBUG 'ansible_navigator.main' pyserial==3.4 /usr/lib/python3.9/site-packages
2026-03-08T23:02:32.128650+00:00 DEBUG 'ansible_navigator.main' pysocks==1.7.1 /usr/lib/python3.9/site-packages
2026-03-08T23:02:32.128668+00:00 DEBUG 'ansible_navigator.main' python-daemon==2.3.0 /usr/lib/python3.9/site-packages
2026-03-08T23:02:32.128687+00:00 DEBUG 'ansible_navigator.main' python-dateutil==2.8.1 /usr/lib/python3.9/site-packages
2026-03-08T23:02:32.128715+00:00 DEBUG 'ansible_navigator.main' python-dmidecode==3.12.2 /usr/lib64/python3.9/site-packages
2026-03-08T23:02:32.128734+00:00 DEBUG 'ansible_navigator.main' python-linux-procfs==0.7.0 /usr/lib/python3.9/site-packages
2026-03-08T23:02:32.128753+00:00 DEBUG 'ansible_navigator.main' pytz==2021.3 /usr/lib/python3.9/site-packages
2026-03-08T23:02:32.128771+00:00 DEBUG 'ansible_navigator.main' pyudev==0.22.0 /usr/lib/python3.9/site-packages
2026-03-08T23:02:32.128794+00:00 DEBUG 'ansible_navigator.main' pyxdg==0.27 /usr/lib/python3.9/site-packages
2026-03-08T23:02:32.128813+00:00 DEBUG 'ansible_navigator.main' pyyaml==5.4.1 /usr/lib64/python3.9/site-packages
2026-03-08T23:02:32.128831+00:00 DEBUG 'ansible_navigator.main' requests==2.27.1 /usr/lib/python3.9/site-packages
2026-03-08T23:02:32.128849+00:00 DEBUG 'ansible_navigator.main' requirements-parser==0.2.0 /usr/lib/python3.9/site-packages
2026-03-08T23:02:32.128867+00:00 DEBUG 'ansible_navigator.main' resolvelib==0.5.4 /usr/lib/python3.9/site-packages
2026-03-08T23:02:32.128886+00:00 DEBUG 'ansible_navigator.main' rpm==4.16.1.3 /usr/lib64/python3.9/site-packages
2026-03-08T23:02:32.128904+00:00 DEBUG 'ansible_navigator.main' selinux==3.3 /usr/lib64/python3.9/site-packages
2026-03-08T23:02:32.128922+00:00 DEBUG 'ansible_navigator.main' sepolicy==3.3 /usr/lib/python3.9/site-packages
2026-03-08T23:02:32.128941+00:00 DEBUG 'ansible_navigator.main' setools==4.4.0 /usr/lib64/python3.9/site-packages
2026-03-08T23:02:32.128959+00:00 DEBUG 'ansible_navigator.main' setroubleshoot==1.1 /usr/lib/python3.9/site-packages
2026-03-08T23:02:32.128977+00:00 DEBUG 'ansible_navigator.main' setuptools==53.0.0 /usr/lib/python3.9/site-packages
2026-03-08T23:02:32.128996+00:00 DEBUG 'ansible_navigator.main' six==1.16.0 /usr/lib/python3.9/site-packages
2026-03-08T23:02:32.129014+00:00 DEBUG 'ansible_navigator.main' sos==4.2 /usr/lib/python3.9/site-packages
2026-03-08T23:02:32.129033+00:00 DEBUG 'ansible_navigator.main' subscription-manager==1.29.26 /usr/lib64/python3.9/site-packages
2026-03-08T23:02:32.129051+00:00 DEBUG 'ansible_navigator.main' systemd-python==234 /usr/lib64/python3.9/site-packages
2026-03-08T23:02:32.129070+00:00 DEBUG 'ansible_navigator.main' urllib3==1.26.8 /usr/lib/python3.9/site-packages
2026-03-08T23:02:32.129088+00:00 DEBUG 'ansible_navigator.main' virtualenv==20.14.1 /usr/local/lib/python3.9/site-packages
2026-03-08T23:02:32.129107+00:00 DEBUG 'ansible_navigator.main' Share directory '/usr/lib/python3.9/share/ansible_navigator' not found (development path)
2026-03-08T23:02:32.129125+00:00 DEBUG 'ansible_navigator.main' Share directory '/home/student/.local/share/ansible_navigator' not found (userbase)
2026-03-08T23:02:32.129144+00:00 DEBUG 'ansible_navigator.main' Share directory '/usr/share/ansible_navigator' found (sys.prefix)
2026-03-08T23:02:32.129163+00:00 DEBUG 'ansible_navigator.main' Default collection_doc_cache_path set to: /home/student/.cache/ansible-navigator/collection_doc_cache.db
2026-03-08T23:02:32.129181+00:00 DEBUG 'ansible_navigator.main' EDITOR environment variable not set
2026-03-08T23:02:32.129200+00:00 DEBUG 'ansible_navigator.main' Default editor_command set to: vi +{line_number} {filename}
2026-03-08T23:02:32.129219+00:00 DEBUG 'ansible_navigator.main' No config file set by ANSIBLE_NAVIGATOR_CONFIG
2026-03-08T23:02:32.129243+00:00 DEBUG 'ansible_navigator.main' Looking in /home/student
2026-03-08T23:02:32.129263+00:00 DEBUG 'ansible_navigator.main' Looking for '/home/student/.ansible-navigator.yml', '/home/student/.ansible-navigator.yaml' and '/home/student/.ansible-navigator.json'
2026-03-08T23:02:32.129283+00:00 DEBUG 'ansible_navigator.main' Found 1: '/home/student/.ansible-navigator.yml'
2026-03-08T23:02:32.129302+00:00 DEBUG 'ansible_navigator.main' Looking in /home/student/system-users
2026-03-08T23:02:32.129320+00:00 DEBUG 'ansible_navigator.main' Looking for '/home/student/system-users/ansible-navigator.yml', '/home/student/system-users/ansible-navigator.yaml' and '/home/student/system-users/ansible-navigator.json'
2026-03-08T23:02:32.129340+00:00 DEBUG 'ansible_navigator.main' Found 0: 
2026-03-08T23:02:32.129360+00:00 DEBUG 'ansible_navigator.main' All found 1: '/home/student/.ansible-navigator.yml'
2026-03-08T23:02:32.129378+00:00 DEBUG 'ansible_navigator.main' Using: /home/student/.ansible-navigator.yml
2026-03-08T23:02:32.129397+00:00 DEBUG 'ansible_navigator.main' Using settings file at /home/student/.ansible-navigator.yml in search path
2026-03-08T23:02:32.129426+00:00 DEBUG 'ansible_navigator.main' Command provided: 'collectiosn'
2026-03-08T23:02:32.129445+00:00 DEBUG 'ansible_navigator.main' ansible-navigator.ansible-runner.artifact-dir not found in settings file
2026-03-08T23:02:32.129464+00:00 DEBUG 'ansible_navigator.main' ansible-navigator.ansible-runner.rotate-artifacts-count not found in settings file
2026-03-08T23:02:32.129483+00:00 DEBUG 'ansible_navigator.main' ansible-navigator.ansible-runner.timeout not found in settings file
2026-03-08T23:02:32.129502+00:00 DEBUG 'ansible_navigator.main' ansible-navigator.app not found in settings file
2026-03-08T23:02:32.129520+00:00 DEBUG 'ansible_navigator.main' ansible-navigator.ansible.cmdline not found in settings file
2026-03-08T23:02:32.129538+00:00 DEBUG 'ansible_navigator.main' ansible-navigator.collection-doc-cache-path not found in settings file
2026-03-08T23:02:32.129557+00:00 DEBUG 'ansible_navigator.main' ansible-navigator.ansible.config.path not found in settings file
2026-03-08T23:02:32.129576+00:00 DEBUG 'ansible_navigator.main' ansible-navigator.execution-environment.container-engine not found in settings file
2026-03-08T23:02:32.129594+00:00 DEBUG 'ansible_navigator.main' ansible-navigator.execution-environment.container-options not found in settings file
2026-03-08T23:02:32.129613+00:00 DEBUG 'ansible_navigator.main' ansible-navigator.color.enable not found in settings file
2026-03-08T23:02:32.129631+00:00 DEBUG 'ansible_navigator.main' ansible-navigator.editor.command not found in settings file
2026-03-08T23:02:32.129650+00:00 DEBUG 'ansible_navigator.main' ansible-navigator.editor.console not found in settings file
2026-03-08T23:02:32.129668+00:00 DEBUG 'ansible_navigator.main' ansible-navigator.exec.command not found in settings file
2026-03-08T23:02:32.129705+00:00 DEBUG 'ansible_navigator.main' ansible-navigator.exec.shell not found in settings file
2026-03-08T23:02:32.129724+00:00 DEBUG 'ansible_navigator.main' ansible-navigator.execution-environment.enabled not found in settings file
2026-03-08T23:02:32.129743+00:00 DEBUG 'ansible_navigator.main' ansible-navigator.execution-environment.volume-mounts not found in settings file
2026-03-08T23:02:32.129762+00:00 DEBUG 'ansible_navigator.main' ansible-navigator.ansible-builder.help not found in settings file
2026-03-08T23:02:32.129781+00:00 DEBUG 'ansible_navigator.main' ansible-navigator.ansible.config.help not found in settings file
2026-03-08T23:02:32.129799+00:00 DEBUG 'ansible_navigator.main' ansible-navigator.ansible.doc.help not found in settings file
2026-03-08T23:02:32.129817+00:00 DEBUG 'ansible_navigator.main' ansible-navigator.ansible.inventory.help not found in settings file
2026-03-08T23:02:32.129836+00:00 DEBUG 'ansible_navigator.main' ansible-navigator.ansible.playbook.help not found in settings file
2026-03-08T23:02:32.129854+00:00 DEBUG 'ansible_navigator.main' ansible-navigator.images.details not found in settings file
2026-03-08T23:02:32.129873+00:00 DEBUG 'ansible_navigator.main' ansible-navigator.ansible.inventory.entries not found in settings file
2026-03-08T23:02:32.129891+00:00 DEBUG 'ansible_navigator.main' ansible-navigator.inventory-columns not found in settings file
2026-03-08T23:02:32.129910+00:00 DEBUG 'ansible_navigator.main' ansible-navigator.ansible-lint.config not found in settings file
2026-03-08T23:02:32.129928+00:00 DEBUG 'ansible_navigator.main' ansible-navigator.ansible-lint.lintables not found in settings file
2026-03-08T23:02:32.129947+00:00 DEBUG 'ansible_navigator.main' ansible-navigator.logging.append not found in settings file
2026-03-08T23:02:32.129965+00:00 DEBUG 'ansible_navigator.main' ansible-navigator.logging.file not found in settings file
2026-03-08T23:02:32.129984+00:00 DEBUG 'ansible_navigator.main' ansible-navigator.logging.level not found in settings file
2026-03-08T23:02:32.130002+00:00 DEBUG 'ansible_navigator.main' ansible-navigator.mode not found in settings file
2026-03-08T23:02:32.130021+00:00 DEBUG 'ansible_navigator.main' ansible-navigator.color.osc4 not found in settings file
2026-03-08T23:02:32.130042+00:00 DEBUG 'ansible_navigator.main' ansible-navigator.execution-environment.environment-variables.pass not found in settings file
2026-03-08T23:02:32.130061+00:00 DEBUG 'ansible_navigator.main' ansible-navigator.ansible.playbook.path not found in settings file
2026-03-08T23:02:32.130079+00:00 DEBUG 'ansible_navigator.main' ansible-navigator.playbook-artifact.enable not found in settings file
2026-03-08T23:02:32.130098+00:00 DEBUG 'ansible_navigator.main' ansible-navigator.playbook-artifact.replay not found in settings file
2026-03-08T23:02:32.130116+00:00 DEBUG 'ansible_navigator.main' ansible-navigator.playbook-artifact.save-as not found in settings file
2026-03-08T23:02:32.130134+00:00 DEBUG 'ansible_navigator.main' ansible-navigator.ansible.doc.plugin.name not found in settings file
2026-03-08T23:02:32.130152+00:00 DEBUG 'ansible_navigator.main' ansible-navigator.ansible.doc.plugin.type not found in settings file
2026-03-08T23:02:32.130170+00:00 DEBUG 'ansible_navigator.main' ansible-navigator.execution-environment.pull.arguments not found in settings file
2026-03-08T23:02:32.130188+00:00 DEBUG 'ansible_navigator.main' ansible-navigator.execution-environment.environment-variables.set not found in settings file
2026-03-08T23:02:32.130206+00:00 DEBUG 'ansible_navigator.main' ansible-navigator.settings.effective not found in settings file
2026-03-08T23:02:32.130224+00:00 DEBUG 'ansible_navigator.main' ansible-navigator.settings.sample not found in settings file
2026-03-08T23:02:32.130268+00:00 DEBUG 'ansible_navigator.main' ansible-navigator.settings.schema not found in settings file
2026-03-08T23:02:32.130287+00:00 DEBUG 'ansible_navigator.main' ansible-navigator.settings.sources not found in settings file
2026-03-08T23:02:32.130306+00:00 DEBUG 'ansible_navigator.main' ansible-navigator.time-zone not found in settings file
2026-03-08T23:02:32.130324+00:00 DEBUG 'ansible_navigator.main' ansible-navigator.ansible-builder.workdir not found in settings file
2026-03-08T23:02:32.130346+00:00 WARNING 'ansible_navigator.main' Configuration errors encountered, rolling back to previous configuration.
2026-03-08T23:02:32.130365+00:00 DEBUG 'ansible_navigator.main' Prior to rollback: ansible_runner_artifact_dir = 'Not set' (Constants/Not set)
2026-03-08T23:02:32.130384+00:00 DEBUG 'ansible_navigator.main' Prior to rollback: ansible_runner_rotate_artifacts_count = 'Not set' (Constants/Not set)
2026-03-08T23:02:32.130402+00:00 DEBUG 'ansible_navigator.main' Prior to rollback: ansible_runner_timeout = 'Not set' (Constants/Not set)
2026-03-08T23:02:32.130421+00:00 DEBUG 'ansible_navigator.main' Prior to rollback: app = 'welcome' (str/Defaults)
2026-03-08T23:02:32.130439+00:00 DEBUG 'ansible_navigator.main' Prior to rollback: cmdline = '['collectiosn']' (list/Command line)
2026-03-08T23:02:32.130457+00:00 DEBUG 'ansible_navigator.main' Prior to rollback: collection_doc_cache_path = '/home/student/.cache/ansible-navigator/collection_doc_cache.db' (str/Defaults)
2026-03-08T23:02:32.130476+00:00 DEBUG 'ansible_navigator.main' Prior to rollback: config = 'Not set' (Constants/Not set)
2026-03-08T23:02:32.130495+00:00 DEBUG 'ansible_navigator.main' Prior to rollback: container_engine = 'auto' (str/Defaults)
2026-03-08T23:02:32.130513+00:00 DEBUG 'ansible_navigator.main' Prior to rollback: container_options = 'Not set' (Constants/Not set)
2026-03-08T23:02:32.130532+00:00 DEBUG 'ansible_navigator.main' Prior to rollback: display_color = 'True' (bool/Defaults)
2026-03-08T23:02:32.130550+00:00 DEBUG 'ansible_navigator.main' Prior to rollback: editor_command = 'vi +{line_number} {filename}' (str/Defaults)
2026-03-08T23:02:32.130568+00:00 DEBUG 'ansible_navigator.main' Prior to rollback: editor_console = 'True' (bool/Defaults)
2026-03-08T23:02:32.130586+00:00 DEBUG 'ansible_navigator.main' Prior to rollback: exec_command = '/bin/bash' (str/Defaults)
2026-03-08T23:02:32.130605+00:00 DEBUG 'ansible_navigator.main' Prior to rollback: exec_shell = 'True' (bool/Defaults)
2026-03-08T23:02:32.130623+00:00 DEBUG 'ansible_navigator.main' Prior to rollback: execution_environment = 'True' (bool/Defaults)
2026-03-08T23:02:32.130652+00:00 DEBUG 'ansible_navigator.main' Prior to rollback: execution_environment_image = 'utility.lab.example.com/ee-supported-rhel8:latest' (str/Settings file)
2026-03-08T23:02:32.130673+00:00 DEBUG 'ansible_navigator.main' Prior to rollback: execution_environment_volume_mounts = 'Not set' (Constants/Not set)
2026-03-08T23:02:32.130704+00:00 DEBUG 'ansible_navigator.main' Prior to rollback: help_builder = 'False' (bool/Defaults)
2026-03-08T23:02:32.130723+00:00 DEBUG 'ansible_navigator.main' Prior to rollback: help_config = 'False' (bool/Defaults)
2026-03-08T23:02:32.130742+00:00 DEBUG 'ansible_navigator.main' Prior to rollback: help_doc = 'False' (bool/Defaults)
2026-03-08T23:02:32.130760+00:00 DEBUG 'ansible_navigator.main' Prior to rollback: help_inventory = 'False' (bool/Defaults)
2026-03-08T23:02:32.130778+00:00 DEBUG 'ansible_navigator.main' Prior to rollback: help_playbook = 'False' (bool/Defaults)
2026-03-08T23:02:32.130797+00:00 DEBUG 'ansible_navigator.main' Prior to rollback: images_details = '['everything']' (list/Defaults)
2026-03-08T23:02:32.130815+00:00 DEBUG 'ansible_navigator.main' Prior to rollback: inventory = 'Not set' (Constants/Not set)
2026-03-08T23:02:32.130834+00:00 DEBUG 'ansible_navigator.main' Prior to rollback: inventory_column = 'Not set' (Constants/Not set)
2026-03-08T23:02:32.130852+00:00 DEBUG 'ansible_navigator.main' Prior to rollback: lint_config = 'Not set' (Constants/Not set)
2026-03-08T23:02:32.130871+00:00 DEBUG 'ansible_navigator.main' Prior to rollback: lintables = 'Not set' (Constants/Not set)
2026-03-08T23:02:32.130889+00:00 DEBUG 'ansible_navigator.main' Prior to rollback: log_append = 'True' (bool/Defaults)
2026-03-08T23:02:32.130908+00:00 DEBUG 'ansible_navigator.main' Prior to rollback: log_file = '/home/student/system-users/ansible-navigator.log' (str/Defaults)
2026-03-08T23:02:32.130926+00:00 DEBUG 'ansible_navigator.main' Prior to rollback: log_level = 'warning' (str/Defaults)
2026-03-08T23:02:32.130944+00:00 DEBUG 'ansible_navigator.main' Prior to rollback: mode = 'interactive' (str/Defaults)
2026-03-08T23:02:32.130963+00:00 DEBUG 'ansible_navigator.main' Prior to rollback: osc4 = 'True' (bool/Defaults)
2026-03-08T23:02:32.130981+00:00 DEBUG 'ansible_navigator.main' Prior to rollback: pass_environment_variable = 'Not set' (Constants/Not set)
2026-03-08T23:02:32.130999+00:00 DEBUG 'ansible_navigator.main' Prior to rollback: playbook = 'Not set' (Constants/Not set)
2026-03-08T23:02:32.131018+00:00 DEBUG 'ansible_navigator.main' Prior to rollback: playbook_artifact_enable = 'True' (bool/Defaults)
2026-03-08T23:02:32.131036+00:00 DEBUG 'ansible_navigator.main' Prior to rollback: playbook_artifact_replay = 'Not set' (Constants/Not set)
2026-03-08T23:02:32.131055+00:00 DEBUG 'ansible_navigator.main' Prior to rollback: playbook_artifact_save_as = '{playbook_dir}/{playbook_name}-artifact-{time_stamp}.json' (str/Defaults)
2026-03-08T23:02:32.131073+00:00 DEBUG 'ansible_navigator.main' Prior to rollback: plugin_name = 'Not set' (Constants/Not set)
2026-03-08T23:02:32.131091+00:00 DEBUG 'ansible_navigator.main' Prior to rollback: plugin_type = 'module' (str/Defaults)
2026-03-08T23:02:32.131110+00:00 DEBUG 'ansible_navigator.main' Prior to rollback: pull_arguments = 'Not set' (Constants/Not set)
2026-03-08T23:02:32.131128+00:00 DEBUG 'ansible_navigator.main' Prior to rollback: pull_policy = 'missing' (str/Settings file)
2026-03-08T23:02:32.131146+00:00 DEBUG 'ansible_navigator.main' Prior to rollback: set_environment_variable = 'Not set' (Constants/Not set)
2026-03-08T23:02:32.131164+00:00 DEBUG 'ansible_navigator.main' Prior to rollback: settings_effective = 'False' (bool/Defaults)
2026-03-08T23:02:32.131183+00:00 DEBUG 'ansible_navigator.main' Prior to rollback: settings_sample = 'False' (bool/Defaults)
2026-03-08T23:02:32.131201+00:00 DEBUG 'ansible_navigator.main' Prior to rollback: settings_schema = 'json' (str/Defaults)
2026-03-08T23:02:32.131219+00:00 DEBUG 'ansible_navigator.main' Prior to rollback: settings_sources = 'False' (bool/Defaults)
2026-03-08T23:02:32.131266+00:00 DEBUG 'ansible_navigator.main' Prior to rollback: time_zone = 'UTC' (str/Defaults)
2026-03-08T23:02:32.131286+00:00 DEBUG 'ansible_navigator.main' Prior to rollback: workdir = '/home/student/system-users' (str/Defaults)
2026-03-08T23:02:32.131305+00:00 DEBUG 'ansible_navigator.main' After rollback: ansible_runner_artifact_dir = 'Not set' (Constants/Not set)
2026-03-08T23:02:32.131325+00:00 DEBUG 'ansible_navigator.main' After rollback: ansible_runner_rotate_artifacts_count = 'Not set' (Constants/Not set)
2026-03-08T23:02:32.131344+00:00 DEBUG 'ansible_navigator.main' After rollback: ansible_runner_timeout = 'Not set' (Constants/Not set)
2026-03-08T23:02:32.131364+00:00 DEBUG 'ansible_navigator.main' After rollback: app = 'Not set' (Constants/Not set)
2026-03-08T23:02:32.131383+00:00 DEBUG 'ansible_navigator.main' After rollback: cmdline = 'Not set' (Constants/Not set)
2026-03-08T23:02:32.131402+00:00 DEBUG 'ansible_navigator.main' After rollback: collection_doc_cache_path = 'Not set' (Constants/Not set)
2026-03-08T23:02:32.131421+00:00 DEBUG 'ansible_navigator.main' After rollback: config = 'Not set' (Constants/Not set)
2026-03-08T23:02:32.131441+00:00 DEBUG 'ansible_navigator.main' After rollback: container_engine = 'Not set' (Constants/Not set)
2026-03-08T23:02:32.131460+00:00 DEBUG 'ansible_navigator.main' After rollback: container_options = 'Not set' (Constants/Not set)
2026-03-08T23:02:32.131480+00:00 DEBUG 'ansible_navigator.main' After rollback: display_color = 'Not set' (Constants/Not set)
2026-03-08T23:02:32.131499+00:00 DEBUG 'ansible_navigator.main' After rollback: editor_command = 'Not set' (Constants/Not set)
2026-03-08T23:02:32.131531+00:00 DEBUG 'ansible_navigator.main' After rollback: editor_console = 'Not set' (Constants/Not set)
2026-03-08T23:02:32.131549+00:00 DEBUG 'ansible_navigator.main' After rollback: exec_command = 'Not set' (Constants/Not set)
2026-03-08T23:02:32.131567+00:00 DEBUG 'ansible_navigator.main' After rollback: exec_shell = 'Not set' (Constants/Not set)
2026-03-08T23:02:32.131585+00:00 DEBUG 'ansible_navigator.main' After rollback: execution_environment = 'Not set' (Constants/Not set)
2026-03-08T23:02:32.131603+00:00 DEBUG 'ansible_navigator.main' After rollback: execution_environment_image = 'Not set' (Constants/Not set)
2026-03-08T23:02:32.131621+00:00 DEBUG 'ansible_navigator.main' After rollback: execution_environment_volume_mounts = 'Not set' (Constants/Not set)
2026-03-08T23:02:32.131639+00:00 DEBUG 'ansible_navigator.main' After rollback: help_builder = 'Not set' (Constants/Not set)
2026-03-08T23:02:32.131658+00:00 DEBUG 'ansible_navigator.main' After rollback: help_config = 'Not set' (Constants/Not set)
2026-03-08T23:02:32.131676+00:00 DEBUG 'ansible_navigator.main' After rollback: help_doc = 'Not set' (Constants/Not set)
2026-03-08T23:02:32.131702+00:00 DEBUG 'ansible_navigator.main' After rollback: help_inventory = 'Not set' (Constants/Not set)
2026-03-08T23:02:32.131722+00:00 DEBUG 'ansible_navigator.main' After rollback: help_playbook = 'Not set' (Constants/Not set)
2026-03-08T23:02:32.131741+00:00 DEBUG 'ansible_navigator.main' After rollback: images_details = 'Not set' (Constants/Not set)
2026-03-08T23:02:32.131759+00:00 DEBUG 'ansible_navigator.main' After rollback: inventory = 'Not set' (Constants/Not set)
2026-03-08T23:02:32.131777+00:00 DEBUG 'ansible_navigator.main' After rollback: inventory_column = 'Not set' (Constants/Not set)
2026-03-08T23:02:32.131796+00:00 DEBUG 'ansible_navigator.main' After rollback: lint_config = 'Not set' (Constants/Not set)
2026-03-08T23:02:32.131814+00:00 DEBUG 'ansible_navigator.main' After rollback: lintables = 'Not set' (Constants/Not set)
2026-03-08T23:02:32.131832+00:00 DEBUG 'ansible_navigator.main' After rollback: log_append = 'Not set' (Constants/Not set)
2026-03-08T23:02:32.131850+00:00 DEBUG 'ansible_navigator.main' After rollback: log_file = 'Not set' (Constants/Not set)
2026-03-08T23:02:32.131869+00:00 DEBUG 'ansible_navigator.main' After rollback: log_level = 'Not set' (Constants/Not set)
2026-03-08T23:02:32.131895+00:00 DEBUG 'ansible_navigator.main' After rollback: mode = 'Not set' (Constants/Not set)
2026-03-08T23:02:32.131913+00:00 DEBUG 'ansible_navigator.main' After rollback: osc4 = 'Not set' (Constants/Not set)
2026-03-08T23:02:32.131932+00:00 DEBUG 'ansible_navigator.main' After rollback: pass_environment_variable = 'Not set' (Constants/Not set)
2026-03-08T23:02:32.131952+00:00 DEBUG 'ansible_navigator.main' After rollback: playbook = 'Not set' (Constants/Not set)
2026-03-08T23:02:32.131970+00:00 DEBUG 'ansible_navigator.main' After rollback: playbook_artifact_enable = 'Not set' (Constants/Not set)
2026-03-08T23:02:32.131989+00:00 DEBUG 'ansible_navigator.main' After rollback: playbook_artifact_replay = 'Not set' (Constants/Not set)
2026-03-08T23:02:32.132007+00:00 DEBUG 'ansible_navigator.main' After rollback: playbook_artifact_save_as = 'Not set' (Constants/Not set)
2026-03-08T23:02:32.132025+00:00 DEBUG 'ansible_navigator.main' After rollback: plugin_name = 'Not set' (Constants/Not set)
2026-03-08T23:02:32.132044+00:00 DEBUG 'ansible_navigator.main' After rollback: plugin_type = 'Not set' (Constants/Not set)
2026-03-08T23:02:32.132062+00:00 DEBUG 'ansible_navigator.main' After rollback: pull_arguments = 'Not set' (Constants/Not set)
2026-03-08T23:02:32.132096+00:00 DEBUG 'ansible_navigator.main' After rollback: pull_policy = 'Not set' (Constants/Not set)
2026-03-08T23:02:32.132115+00:00 DEBUG 'ansible_navigator.main' After rollback: set_environment_variable = 'Not set' (Constants/Not set)
2026-03-08T23:02:32.132133+00:00 DEBUG 'ansible_navigator.main' After rollback: settings_effective = 'Not set' (Constants/Not set)
2026-03-08T23:02:32.132152+00:00 DEBUG 'ansible_navigator.main' After rollback: settings_sample = 'Not set' (Constants/Not set)
2026-03-08T23:02:32.132170+00:00 DEBUG 'ansible_navigator.main' After rollback: settings_schema = 'Not set' (Constants/Not set)
2026-03-08T23:02:32.132188+00:00 DEBUG 'ansible_navigator.main' After rollback: settings_sources = 'Not set' (Constants/Not set)
2026-03-08T23:02:32.132207+00:00 DEBUG 'ansible_navigator.main' After rollback: time_zone = 'Not set' (Constants/Not set)
2026-03-08T23:02:32.132225+00:00 DEBUG 'ansible_navigator.main' After rollback: workdir = 'Not set' (Constants/Not set)
2026-03-08T23:02:32.132250+00:00 DEBUG 'ansible_navigator.main' Configuration rollback complete.
2026-03-08T23:02:32.132273+00:00 DEBUG 'ansible_navigator.main' Collection doc cache not mounted
2026-03-08T23:02:32.132319+00:00 WARNING 'ansible_navigator.main' Issues were found while applying the settings.
2026-03-08T23:02:32.132353+00:00 INFO 'ansible_navigator.main' Command provided: 'collectiosn'
2026-03-08T23:02:32.132389+00:00 ERROR 'ansible_navigator.main' argument {subcommand} --help: invalid choice: 'collectiosn' (choose from 'builder', 'collections', 'config', 'doc', 'exec', 'images', 'inventory', 'lint', 'replay', 'run', 'settings', 'welcome')
2026-03-08T23:02:32.132417+00:00 INFO 'ansible_navigator.main' Configuration failed, using default log file location. (/home/student/system-users/ansible-navigator.log) Log level set to debug
2026-03-08T23:02:32.132438+00:00 INFO 'ansible_navigator.main' Review the hints and log file to see what went wrong.
2026-03-08T23:02:40.690312+00:00 ERROR 'ansible_navigator.actions.collections._parse' /usr/share/ansible/collections/ansible_collections/ansible/network/roles/resource_manager/meta/argument_specs.yml Failed to find argument_specs.yml for role in ansible.network.
2026-03-08T23:02:40.691047+00:00 ERROR 'ansible_navigator.actions.collections._parse' /usr/share/ansible/collections/ansible_collections/ansible/network/roles/resource_manager/meta/main.yml Failed to find main.yml for role in ansible.network.
2026-03-08T23:02:40.691103+00:00 ERROR 'ansible_navigator.actions.collections._parse' /usr/share/ansible/collections/ansible_collections/redhat/insights/roles/compliance/meta/argument_specs.yml Failed to find argument_specs.yml for role in redhat.insights.
2026-03-08T23:02:40.691137+00:00 ERROR 'ansible_navigator.actions.collections._parse' /usr/share/ansible/collections/ansible_collections/redhat/insights/roles/insights_client/meta/argument_specs.yml Failed to find argument_specs.yml for role in redhat.insights.
2026-03-08T23:02:40.691160+00:00 ERROR 'ansible_navigator.actions.collections._parse' /usr/share/ansible/collections/ansible_collections/redhat/rhv/roles/cluster_upgrade/meta/argument_specs.yml Failed to find argument_specs.yml for role in redhat.rhv.
2026-03-08T23:02:40.691182+00:00 ERROR 'ansible_navigator.actions.collections._parse' /usr/share/ansible/collections/ansible_collections/redhat/rhv/roles/cluster_upgrade/meta/main.yml Failed to find main.yml for role in redhat.rhv.
2026-03-08T23:02:40.691203+00:00 ERROR 'ansible_navigator.actions.collections._parse' /usr/share/ansible/collections/ansible_collections/redhat/rhv/roles/disaster_recovery/meta/argument_specs.yml Failed to find argument_specs.yml for role in redhat.rhv.
2026-03-08T23:02:40.691222+00:00 ERROR 'ansible_navigator.actions.collections._parse' /usr/share/ansible/collections/ansible_collections/redhat/rhv/roles/disaster_recovery/meta/main.yml Failed to find main.yml for role in redhat.rhv.
2026-03-08T23:02:40.691250+00:00 ERROR 'ansible_navigator.actions.collections._parse' /usr/share/ansible/collections/ansible_collections/redhat/rhv/roles/engine_setup/meta/argument_specs.yml Failed to find argument_specs.yml for role in redhat.rhv.
2026-03-08T23:02:40.691269+00:00 ERROR 'ansible_navigator.actions.collections._parse' /usr/share/ansible/collections/ansible_collections/redhat/rhv/roles/engine_setup/meta/main.yml Failed to find main.yml for role in redhat.rhv.
2026-03-08T23:02:40.691290+00:00 ERROR 'ansible_navigator.actions.collections._parse' /usr/share/ansible/collections/ansible_collections/redhat/rhv/roles/hosted_engine_setup/meta/argument_specs.yml Failed to find argument_specs.yml for role in redhat.rhv.
2026-03-08T23:02:40.691309+00:00 ERROR 'ansible_navigator.actions.collections._parse' /usr/share/ansible/collections/ansible_collections/redhat/rhv/roles/hosted_engine_setup/meta/main.yml Failed to find main.yml for role in redhat.rhv.
2026-03-08T23:02:40.691328+00:00 ERROR 'ansible_navigator.actions.collections._parse' /usr/share/ansible/collections/ansible_collections/redhat/rhv/roles/image_template/meta/argument_specs.yml Failed to find argument_specs.yml for role in redhat.rhv.
2026-03-08T23:02:40.691347+00:00 ERROR 'ansible_navigator.actions.collections._parse' /usr/share/ansible/collections/ansible_collections/redhat/rhv/roles/image_template/meta/main.yml Failed to find main.yml for role in redhat.rhv.
2026-03-08T23:02:40.691366+00:00 ERROR 'ansible_navigator.actions.collections._parse' /usr/share/ansible/collections/ansible_collections/redhat/rhv/roles/infra/meta/argument_specs.yml Failed to find argument_specs.yml for role in redhat.rhv.
2026-03-08T23:02:40.691385+00:00 ERROR 'ansible_navigator.actions.collections._parse' /usr/share/ansible/collections/ansible_collections/redhat/rhv/roles/infra/meta/main.yml Failed to find main.yml for role in redhat.rhv.
2026-03-08T23:02:40.691415+00:00 ERROR 'ansible_navigator.actions.collections._parse' /usr/share/ansible/collections/ansible_collections/redhat/rhv/roles/manageiq/meta/argument_specs.yml Failed to find argument_specs.yml for role in redhat.rhv.
2026-03-08T23:02:40.691443+00:00 ERROR 'ansible_navigator.actions.collections._parse' /usr/share/ansible/collections/ansible_collections/redhat/rhv/roles/manageiq/meta/main.yml Failed to find main.yml for role in redhat.rhv.
2026-03-08T23:02:40.691480+00:00 ERROR 'ansible_navigator.actions.collections._parse' /usr/share/ansible/collections/ansible_collections/redhat/rhv/roles/remove_stale_lun/meta/argument_specs.yml Failed to find argument_specs.yml for role in redhat.rhv.
2026-03-08T23:02:40.691500+00:00 ERROR 'ansible_navigator.actions.collections._parse' /usr/share/ansible/collections/ansible_collections/redhat/rhv/roles/remove_stale_lun/meta/main.yml Failed to find main.yml for role in redhat.rhv.
2026-03-08T23:02:40.691525+00:00 ERROR 'ansible_navigator.actions.collections._parse' /usr/share/ansible/collections/ansible_collections/redhat/rhv/roles/repositories/meta/argument_specs.yml Failed to find argument_specs.yml for role in redhat.rhv.
2026-03-08T23:02:40.691545+00:00 ERROR 'ansible_navigator.actions.collections._parse' /usr/share/ansible/collections/ansible_collections/redhat/rhv/roles/repositories/meta/main.yml Failed to find main.yml for role in redhat.rhv.
2026-03-08T23:02:40.691579+00:00 ERROR 'ansible_navigator.actions.collections._parse' /usr/share/ansible/collections/ansible_collections/redhat/rhv/roles/shutdown_env/meta/argument_specs.yml Failed to find argument_specs.yml for role in redhat.rhv.
2026-03-08T23:02:40.691598+00:00 ERROR 'ansible_navigator.actions.collections._parse' /usr/share/ansible/collections/ansible_collections/redhat/rhv/roles/shutdown_env/meta/main.yml Failed to find main.yml for role in redhat.rhv.
2026-03-08T23:02:40.691617+00:00 ERROR 'ansible_navigator.actions.collections._parse' /usr/share/ansible/collections/ansible_collections/redhat/rhv/roles/vm_infra/meta/argument_specs.yml Failed to find argument_specs.yml for role in redhat.rhv.
2026-03-08T23:02:40.691635+00:00 ERROR 'ansible_navigator.actions.collections._parse' /usr/share/ansible/collections/ansible_collections/redhat/rhv/roles/vm_infra/meta/main.yml Failed to find main.yml for role in redhat.rhv.
2026-03-08T23:02:40.691654+00:00 ERROR 'ansible_navigator.actions.collections._parse' /usr/share/ansible/collections/ansible_collections/redhat/satellite/roles/activation_keys/meta/argument_specs.yml Failed to find argument_specs.yml for role in redhat.satellite.
2026-03-08T23:02:40.691673+00:00 ERROR 'ansible_navigator.actions.collections._parse' /usr/share/ansible/collections/ansible_collections/redhat/satellite/roles/activation_keys/meta/main.yml Failed to find main.yml for role in redhat.satellite.
2026-03-08T23:02:40.691710+00:00 ERROR 'ansible_navigator.actions.collections._parse' /usr/share/ansible/collections/ansible_collections/redhat/satellite/roles/auth_sources_ldap/meta/argument_specs.yml Failed to find argument_specs.yml for role in redhat.satellite.
2026-03-08T23:02:40.691741+00:00 ERROR 'ansible_navigator.actions.collections._parse' /usr/share/ansible/collections/ansible_collections/redhat/satellite/roles/auth_sources_ldap/meta/main.yml Failed to find main.yml for role in redhat.satellite.
2026-03-08T23:02:40.691767+00:00 ERROR 'ansible_navigator.actions.collections._parse' /usr/share/ansible/collections/ansible_collections/redhat/satellite/roles/compute_profiles/meta/argument_specs.yml Failed to find argument_specs.yml for role in redhat.satellite.
2026-03-08T23:02:40.691801+00:00 ERROR 'ansible_navigator.actions.collections._parse' /usr/share/ansible/collections/ansible_collections/redhat/satellite/roles/compute_profiles/meta/main.yml Failed to find main.yml for role in redhat.satellite.
2026-03-08T23:02:40.691820+00:00 ERROR 'ansible_navigator.actions.collections._parse' /usr/share/ansible/collections/ansible_collections/redhat/satellite/roles/compute_resources/meta/argument_specs.yml Failed to find argument_specs.yml for role in redhat.satellite.
2026-03-08T23:02:40.691839+00:00 ERROR 'ansible_navigator.actions.collections._parse' /usr/share/ansible/collections/ansible_collections/redhat/satellite/roles/compute_resources/meta/main.yml Failed to find main.yml for role in redhat.satellite.
2026-03-08T23:02:40.691858+00:00 ERROR 'ansible_navigator.actions.collections._parse' /usr/share/ansible/collections/ansible_collections/redhat/satellite/roles/content_credentials/meta/argument_specs.yml Failed to find argument_specs.yml for role in redhat.satellite.
2026-03-08T23:02:40.691877+00:00 ERROR 'ansible_navigator.actions.collections._parse' /usr/share/ansible/collections/ansible_collections/redhat/satellite/roles/content_credentials/meta/main.yml Failed to find main.yml for role in redhat.satellite.
2026-03-08T23:02:40.691895+00:00 ERROR 'ansible_navigator.actions.collections._parse' /usr/share/ansible/collections/ansible_collections/redhat/satellite/roles/content_rhel/meta/argument_specs.yml Failed to find argument_specs.yml for role in redhat.satellite.
2026-03-08T23:02:40.691919+00:00 ERROR 'ansible_navigator.actions.collections._parse' /usr/share/ansible/collections/ansible_collections/redhat/satellite/roles/content_rhel/meta/main.yml Failed to find main.yml for role in redhat.satellite.
2026-03-08T23:02:40.691938+00:00 ERROR 'ansible_navigator.actions.collections._parse' /usr/share/ansible/collections/ansible_collections/redhat/satellite/roles/content_view_publish/meta/argument_specs.yml Failed to find argument_specs.yml for role in redhat.satellite.
2026-03-08T23:02:40.691957+00:00 ERROR 'ansible_navigator.actions.collections._parse' /usr/share/ansible/collections/ansible_collections/redhat/satellite/roles/content_view_publish/meta/main.yml Failed to find main.yml for role in redhat.satellite.
2026-03-08T23:02:40.691975+00:00 ERROR 'ansible_navigator.actions.collections._parse' /usr/share/ansible/collections/ansible_collections/redhat/satellite/roles/content_view_version_cleanup/meta/argument_specs.yml Failed to find argument_specs.yml for role in redhat.satellite.
2026-03-08T23:02:40.691995+00:00 ERROR 'ansible_navigator.actions.collections._parse' /usr/share/ansible/collections/ansible_collections/redhat/satellite/roles/content_view_version_cleanup/meta/main.yml Failed to find main.yml for role in redhat.satellite.
2026-03-08T23:02:40.692014+00:00 ERROR 'ansible_navigator.actions.collections._parse' /usr/share/ansible/collections/ansible_collections/redhat/satellite/roles/content_views/meta/argument_specs.yml Failed to find argument_specs.yml for role in redhat.satellite.
2026-03-08T23:02:40.692033+00:00 ERROR 'ansible_navigator.actions.collections._parse' /usr/share/ansible/collections/ansible_collections/redhat/satellite/roles/content_views/meta/main.yml Failed to find main.yml for role in redhat.satellite.
2026-03-08T23:02:40.692052+00:00 ERROR 'ansible_navigator.actions.collections._parse' /usr/share/ansible/collections/ansible_collections/redhat/satellite/roles/convert2rhel/meta/argument_specs.yml Failed to find argument_specs.yml for role in redhat.satellite.
2026-03-08T23:02:40.692070+00:00 ERROR 'ansible_navigator.actions.collections._parse' /usr/share/ansible/collections/ansible_collections/redhat/satellite/roles/convert2rhel/meta/main.yml Failed to find main.yml for role in redhat.satellite.
2026-03-08T23:02:40.692089+00:00 ERROR 'ansible_navigator.actions.collections._parse' /usr/share/ansible/collections/ansible_collections/redhat/satellite/roles/domains/meta/argument_specs.yml Failed to find argument_specs.yml for role in redhat.satellite.
2026-03-08T23:02:40.692108+00:00 ERROR 'ansible_navigator.actions.collections._parse' /usr/share/ansible/collections/ansible_collections/redhat/satellite/roles/domains/meta/main.yml Failed to find main.yml for role in redhat.satellite.
2026-03-08T23:02:40.692148+00:00 ERROR 'ansible_navigator.actions.collections._parse' /usr/share/ansible/collections/ansible_collections/redhat/satellite/roles/hostgroups/meta/argument_specs.yml Failed to find argument_specs.yml for role in redhat.satellite.
2026-03-08T23:02:40.692182+00:00 ERROR 'ansible_navigator.actions.collections._parse' /usr/share/ansible/collections/ansible_collections/redhat/satellite/roles/hostgroups/meta/main.yml Failed to find main.yml for role in redhat.satellite.
2026-03-08T23:02:40.692201+00:00 ERROR 'ansible_navigator.actions.collections._parse' /usr/share/ansible/collections/ansible_collections/redhat/satellite/roles/lifecycle_environments/meta/argument_specs.yml Failed to find argument_specs.yml for role in redhat.satellite.
2026-03-08T23:02:40.692220+00:00 ERROR 'ansible_navigator.actions.collections._parse' /usr/share/ansible/collections/ansible_collections/redhat/satellite/roles/lifecycle_environments/meta/main.yml Failed to find main.yml for role in redhat.satellite.
2026-03-08T23:02:40.692248+00:00 ERROR 'ansible_navigator.actions.collections._parse' /usr/share/ansible/collections/ansible_collections/redhat/satellite/roles/manifest/meta/argument_specs.yml Failed to find argument_specs.yml for role in redhat.satellite.
2026-03-08T23:02:40.692270+00:00 ERROR 'ansible_navigator.actions.collections._parse' /usr/share/ansible/collections/ansible_collections/redhat/satellite/roles/manifest/meta/main.yml Failed to find main.yml for role in redhat.satellite.
2026-03-08T23:02:40.692289+00:00 ERROR 'ansible_navigator.actions.collections._parse' /usr/share/ansible/collections/ansible_collections/redhat/satellite/roles/operatingsystems/meta/argument_specs.yml Failed to find argument_specs.yml for role in redhat.satellite.
2026-03-08T23:02:40.692308+00:00 ERROR 'ansible_navigator.actions.collections._parse' /usr/share/ansible/collections/ansible_collections/redhat/satellite/roles/operatingsystems/meta/main.yml Failed to find main.yml for role in redhat.satellite.
2026-03-08T23:02:40.692327+00:00 ERROR 'ansible_navigator.actions.collections._parse' /usr/share/ansible/collections/ansible_collections/redhat/satellite/roles/organizations/meta/argument_specs.yml Failed to find argument_specs.yml for role in redhat.satellite.
2026-03-08T23:02:40.692346+00:00 ERROR 'ansible_navigator.actions.collections._parse' /usr/share/ansible/collections/ansible_collections/redhat/satellite/roles/organizations/meta/main.yml Failed to find main.yml for role in redhat.satellite.
2026-03-08T23:02:40.692365+00:00 ERROR 'ansible_navigator.actions.collections._parse' /usr/share/ansible/collections/ansible_collections/redhat/satellite/roles/provisioning_templates/meta/argument_specs.yml Failed to find argument_specs.yml for role in redhat.satellite.
2026-03-08T23:02:40.692384+00:00 ERROR 'ansible_navigator.actions.collections._parse' /usr/share/ansible/collections/ansible_collections/redhat/satellite/roles/provisioning_templates/meta/main.yml Failed to find main.yml for role in redhat.satellite.
2026-03-08T23:02:40.692403+00:00 ERROR 'ansible_navigator.actions.collections._parse' /usr/share/ansible/collections/ansible_collections/redhat/satellite/roles/repositories/meta/argument_specs.yml Failed to find argument_specs.yml for role in redhat.satellite.
2026-03-08T23:02:40.692422+00:00 ERROR 'ansible_navigator.actions.collections._parse' /usr/share/ansible/collections/ansible_collections/redhat/satellite/roles/repositories/meta/main.yml Failed to find main.yml for role in redhat.satellite.
2026-03-08T23:02:40.692441+00:00 ERROR 'ansible_navigator.actions.collections._parse' /usr/share/ansible/collections/ansible_collections/redhat/satellite/roles/settings/meta/argument_specs.yml Failed to find argument_specs.yml for role in redhat.satellite.
2026-03-08T23:02:40.692459+00:00 ERROR 'ansible_navigator.actions.collections._parse' /usr/share/ansible/collections/ansible_collections/redhat/satellite/roles/settings/meta/main.yml Failed to find main.yml for role in redhat.satellite.
2026-03-08T23:02:40.692478+00:00 ERROR 'ansible_navigator.actions.collections._parse' /usr/share/ansible/collections/ansible_collections/redhat/satellite/roles/subnets/meta/argument_specs.yml Failed to find argument_specs.yml for role in redhat.satellite.
2026-03-08T23:02:40.692497+00:00 ERROR 'ansible_navigator.actions.collections._parse' /usr/share/ansible/collections/ansible_collections/redhat/satellite/roles/subnets/meta/main.yml Failed to find main.yml for role in redhat.satellite.
2026-03-08T23:02:40.692516+00:00 ERROR 'ansible_navigator.actions.collections._parse' /usr/share/ansible/collections/ansible_collections/redhat/satellite/roles/sync_plans/meta/argument_specs.yml Failed to find argument_specs.yml for role in redhat.satellite.
2026-03-08T23:02:40.692534+00:00 ERROR 'ansible_navigator.actions.collections._parse' /usr/share/ansible/collections/ansible_collections/redhat/satellite/roles/sync_plans/meta/main.yml Failed to find main.yml for role in redhat.satellite.
2026-03-08T23:15:29.441238+00:00 CRITICAL 'ansible_navigator.actions.run_playbook._handle_message' Unhandled message from runner queue, discarded: {'event': 'verbose', 'uuid': 'd0b21a90-35cc-4e3a-85eb-ab332720f720', 'counter': 1, 'stdout': 'usage: ansible-playbook [-h] [--version] [-v] [--private-key PRIVATE_KEY_FILE]', 'start_line': 0, 'end_line': 1, 'runner_ident': '3a42853a-f5c5-414d-b8d8-90eb7bd66ba6', 'created': '2026-03-08T23:15:29.433845'}
2026-03-08T23:15:29.442268+00:00 CRITICAL 'ansible_navigator.actions.run_playbook._handle_message' Unhandled message from runner queue, discarded: {'event': 'verbose', 'uuid': 'bcebf237-c0c6-4e1f-90da-efe7adb663f2', 'counter': 2, 'stdout': '                        [-u REMOTE_USER] [-c CONNECTION] [-T TIMEOUT]', 'start_line': 1, 'end_line': 2, 'runner_ident': '3a42853a-f5c5-414d-b8d8-90eb7bd66ba6', 'created': '2026-03-08T23:15:29.434252'}
2026-03-08T23:15:29.442400+00:00 CRITICAL 'ansible_navigator.actions.run_playbook._handle_message' Unhandled message from runner queue, discarded: {'event': 'verbose', 'uuid': 'dfc7fe2a-a0b5-4b17-aa40-49d3049deddd', 'counter': 3, 'stdout': '                        [--ssh-common-args SSH_COMMON_ARGS]', 'start_line': 2, 'end_line': 3, 'runner_ident': '3a42853a-f5c5-414d-b8d8-90eb7bd66ba6', 'created': '2026-03-08T23:15:29.434312'}
2026-03-08T23:15:29.442472+00:00 CRITICAL 'ansible_navigator.actions.run_playbook._handle_message' Unhandled message from runner queue, discarded: {'event': 'verbose', 'uuid': '98ce4f93-398d-4322-a41c-e8b54e0a3657', 'counter': 4, 'stdout': '                        [--sftp-extra-args SFTP_EXTRA_ARGS]', 'start_line': 3, 'end_line': 4, 'runner_ident': '3a42853a-f5c5-414d-b8d8-90eb7bd66ba6', 'created': '2026-03-08T23:15:29.434358'}
2026-03-08T23:15:29.442532+00:00 CRITICAL 'ansible_navigator.actions.run_playbook._handle_message' Unhandled message from runner queue, discarded: {'event': 'verbose', 'uuid': '419021ce-1390-42f7-8c64-d61a49454322', 'counter': 5, 'stdout': '                        [--scp-extra-args SCP_EXTRA_ARGS]', 'start_line': 4, 'end_line': 5, 'runner_ident': '3a42853a-f5c5-414d-b8d8-90eb7bd66ba6', 'created': '2026-03-08T23:15:29.434421'}
2026-03-08T23:15:29.442588+00:00 CRITICAL 'ansible_navigator.actions.run_playbook._handle_message' Unhandled message from runner queue, discarded: {'event': 'verbose', 'uuid': 'c13c6a95-ea27-4e5c-a51f-9321f752a411', 'counter': 6, 'stdout': '                        [--ssh-extra-args SSH_EXTRA_ARGS]', 'start_line': 5, 'end_line': 6, 'runner_ident': '3a42853a-f5c5-414d-b8d8-90eb7bd66ba6', 'created': '2026-03-08T23:15:29.434461'}
2026-03-08T23:15:29.442643+00:00 CRITICAL 'ansible_navigator.actions.run_playbook._handle_message' Unhandled message from runner queue, discarded: {'event': 'verbose', 'uuid': '368dc032-fea4-4a5f-ba42-1faf61e67dbe', 'counter': 7, 'stdout': '                        [-k | --connection-password-file CONNECTION_PASSWORD_FILE]', 'start_line': 6, 'end_line': 7, 'runner_ident': '3a42853a-f5c5-414d-b8d8-90eb7bd66ba6', 'created': '2026-03-08T23:15:29.434502'}
2026-03-08T23:15:29.442719+00:00 CRITICAL 'ansible_navigator.actions.run_playbook._handle_message' Unhandled message from runner queue, discarded: {'event': 'verbose', 'uuid': '9a7687c2-661c-43ab-b5e5-62f62066e7c4', 'counter': 8, 'stdout': '                        [--force-handlers] [--flush-cache] [-b]', 'start_line': 7, 'end_line': 8, 'runner_ident': '3a42853a-f5c5-414d-b8d8-90eb7bd66ba6', 'created': '2026-03-08T23:15:29.434541'}
2026-03-08T23:15:29.442790+00:00 CRITICAL 'ansible_navigator.actions.run_playbook._handle_message' Unhandled message from runner queue, discarded: {'event': 'verbose', 'uuid': '11f5c13a-aaf7-4d6b-b15c-546800c795ae', 'counter': 9, 'stdout': '                        [--become-method BECOME_METHOD]', 'start_line': 8, 'end_line': 9, 'runner_ident': '3a42853a-f5c5-414d-b8d8-90eb7bd66ba6', 'created': '2026-03-08T23:15:29.434586'}
2026-03-08T23:15:29.442851+00:00 CRITICAL 'ansible_navigator.actions.run_playbook._handle_message' Unhandled message from runner queue, discarded: {'event': 'verbose', 'uuid': 'e428768c-4f27-4e9c-89ae-92dff8904865', 'counter': 10, 'stdout': '                        [--become-user BECOME_USER]', 'start_line': 9, 'end_line': 10, 'runner_ident': '3a42853a-f5c5-414d-b8d8-90eb7bd66ba6', 'created': '2026-03-08T23:15:29.434627'}
2026-03-08T23:15:29.442911+00:00 CRITICAL 'ansible_navigator.actions.run_playbook._handle_message' Unhandled message from runner queue, discarded: {'event': 'verbose', 'uuid': '5c48c821-8232-419c-a9a7-290f1df31a9a', 'counter': 11, 'stdout': '                        [-K | --become-password-file BECOME_PASSWORD_FILE]', 'start_line': 10, 'end_line': 11, 'runner_ident': '3a42853a-f5c5-414d-b8d8-90eb7bd66ba6', 'created': '2026-03-08T23:15:29.434667'}
2026-03-08T23:15:29.442971+00:00 CRITICAL 'ansible_navigator.actions.run_playbook._handle_message' Unhandled message from runner queue, discarded: {'event': 'verbose', 'uuid': '1b971d27-18f7-4b45-85a0-a7b97d080900', 'counter': 12, 'stdout': '                        [-t TAGS] [--skip-tags SKIP_TAGS] [-C]', 'start_line': 11, 'end_line': 12, 'runner_ident': '3a42853a-f5c5-414d-b8d8-90eb7bd66ba6', 'created': '2026-03-08T23:15:29.434726'}
2026-03-08T23:15:29.443029+00:00 CRITICAL 'ansible_navigator.actions.run_playbook._handle_message' Unhandled message from runner queue, discarded: {'event': 'verbose', 'uuid': '64eed0fc-6fbc-4a70-8d5b-c6eda17b52f5', 'counter': 13, 'stdout': '                        [--syntax-check] [-D] [-i INVENTORY] [--list-hosts]', 'start_line': 12, 'end_line': 13, 'runner_ident': '3a42853a-f5c5-414d-b8d8-90eb7bd66ba6', 'created': '2026-03-08T23:15:29.434766'}
2026-03-08T23:15:29.443088+00:00 CRITICAL 'ansible_navigator.actions.run_playbook._handle_message' Unhandled message from runner queue, discarded: {'event': 'verbose', 'uuid': '389468a3-5049-4485-a6c8-97e546820d4d', 'counter': 14, 'stdout': '                        [-l SUBSET] [-e EXTRA_VARS] [--vault-id VAULT_IDS]', 'start_line': 13, 'end_line': 14, 'runner_ident': '3a42853a-f5c5-414d-b8d8-90eb7bd66ba6', 'created': '2026-03-08T23:15:29.434805'}
2026-03-08T23:15:29.443148+00:00 CRITICAL 'ansible_navigator.actions.run_playbook._handle_message' Unhandled message from runner queue, discarded: {'event': 'verbose', 'uuid': '2eb9741a-6a8d-4280-96e9-47d25d7fd97e', 'counter': 15, 'stdout': '                        [--ask-vault-password | --vault-password-file VAULT_PASSWORD_FILES]', 'start_line': 14, 'end_line': 15, 'runner_ident': '3a42853a-f5c5-414d-b8d8-90eb7bd66ba6', 'created': '2026-03-08T23:15:29.434885'}
2026-03-08T23:15:29.443212+00:00 CRITICAL 'ansible_navigator.actions.run_playbook._handle_message' Unhandled message from runner queue, discarded: {'event': 'verbose', 'uuid': 'a4d8ee90-e16e-49de-8d0b-9f585ed750d8', 'counter': 16, 'stdout': '                        [-f FORKS] [-M MODULE_PATH] [--list-tasks]', 'start_line': 15, 'end_line': 16, 'runner_ident': '3a42853a-f5c5-414d-b8d8-90eb7bd66ba6', 'created': '2026-03-08T23:15:29.434938'}
2026-03-08T23:15:29.443270+00:00 CRITICAL 'ansible_navigator.actions.run_playbook._handle_message' Unhandled message from runner queue, discarded: {'event': 'verbose', 'uuid': '33aed51e-4edc-44bb-a5bd-a22fc5983c14', 'counter': 17, 'stdout': '                        [--list-tags] [--step] [--start-at-task START_AT_TASK]', 'start_line': 16, 'end_line': 17, 'runner_ident': '3a42853a-f5c5-414d-b8d8-90eb7bd66ba6', 'created': '2026-03-08T23:15:29.434974'}
2026-03-08T23:15:29.443521+00:00 CRITICAL 'ansible_navigator.actions.run_playbook._handle_message' Unhandled message from runner queue, discarded: {'event': 'verbose', 'uuid': 'f39d5cf9-b713-45a7-9fa7-6dc8ee4c5e3a', 'counter': 18, 'stdout': '                        playbook [playbook ...]', 'start_line': 17, 'end_line': 18, 'runner_ident': '3a42853a-f5c5-414d-b8d8-90eb7bd66ba6', 'created': '2026-03-08T23:15:29.435011'}
2026-03-08T23:15:29.443587+00:00 CRITICAL 'ansible_navigator.actions.run_playbook._handle_message' Unhandled message from runner queue, discarded: {'event': 'verbose', 'uuid': 'd0b076f0-a8a5-4359-b070-590eb8117d6e', 'counter': 19, 'stdout': 'ansible-playbook: error: unrecognized arguments: --chekc', 'start_line': 18, 'end_line': 19, 'runner_ident': '3a42853a-f5c5-414d-b8d8-90eb7bd66ba6', 'created': '2026-03-08T23:15:29.435047'}
2026-03-08T23:15:29.443648+00:00 CRITICAL 'ansible_navigator.actions.run_playbook._handle_message' Unhandled message from runner queue, discarded: {'event': 'verbose', 'uuid': 'b7fa7a6c-900d-4c20-96dc-cf79ce45ed85', 'counter': 20, 'stdout': ' ', 'start_line': 19, 'end_line': 20, 'runner_ident': '3a42853a-f5c5-414d-b8d8-90eb7bd66ba6', 'created': '2026-03-08T23:15:29.436198'}
2026-03-08T23:15:29.443736+00:00 CRITICAL 'ansible_navigator.actions.run_playbook._handle_message' Unhandled message from runner queue, discarded: {'event': 'verbose', 'uuid': 'bd81ac71-1667-423e-9937-faba3cc67ab3', 'counter': 21, 'stdout': 'usage: ansible-playbook [-h] [--version] [-v] [--private-key PRIVATE_KEY_FILE]', 'start_line': 20, 'end_line': 21, 'runner_ident': '3a42853a-f5c5-414d-b8d8-90eb7bd66ba6', 'created': '2026-03-08T23:15:29.436929'}
2026-03-08T23:15:29.443802+00:00 CRITICAL 'ansible_navigator.actions.run_playbook._handle_message' Unhandled message from runner queue, discarded: {'event': 'verbose', 'uuid': 'b9df66ce-6d23-49c5-b18b-3bbe506f8a11', 'counter': 22, 'stdout': '                        [-u REMOTE_USER] [-c CONNECTION] [-T TIMEOUT]', 'start_line': 21, 'end_line': 22, 'runner_ident': '3a42853a-f5c5-414d-b8d8-90eb7bd66ba6', 'created': '2026-03-08T23:15:29.437018'}
2026-03-08T23:15:29.443861+00:00 CRITICAL 'ansible_navigator.actions.run_playbook._handle_message' Unhandled message from runner queue, discarded: {'event': 'verbose', 'uuid': '5629b9d9-38c3-42e2-b5e3-a19ba87508f8', 'counter': 23, 'stdout': '                        [--ssh-common-args SSH_COMMON_ARGS]', 'start_line': 22, 'end_line': 23, 'runner_ident': '3a42853a-f5c5-414d-b8d8-90eb7bd66ba6', 'created': '2026-03-08T23:15:29.437065'}
2026-03-08T23:15:29.443920+00:00 CRITICAL 'ansible_navigator.actions.run_playbook._handle_message' Unhandled message from runner queue, discarded: {'event': 'verbose', 'uuid': '4460699a-1b7a-49f7-b241-90af133c2c92', 'counter': 24, 'stdout': '                        [--sftp-extra-args SFTP_EXTRA_ARGS]', 'start_line': 23, 'end_line': 24, 'runner_ident': '3a42853a-f5c5-414d-b8d8-90eb7bd66ba6', 'created': '2026-03-08T23:15:29.437110'}
2026-03-08T23:15:29.443978+00:00 CRITICAL 'ansible_navigator.actions.run_playbook._handle_message' Unhandled message from runner queue, discarded: {'event': 'verbose', 'uuid': '7051fd5a-079b-4695-aeec-9aea06ece6c2', 'counter': 25, 'stdout': '                        [--scp-extra-args SCP_EXTRA_ARGS]', 'start_line': 24, 'end_line': 25, 'runner_ident': '3a42853a-f5c5-414d-b8d8-90eb7bd66ba6', 'created': '2026-03-08T23:15:29.437158'}
2026-03-08T23:15:29.444056+00:00 CRITICAL 'ansible_navigator.actions.run_playbook._handle_message' Unhandled message from runner queue, discarded: {'event': 'verbose', 'uuid': '7a2cdbac-b556-47e5-aa92-2439b8d3a734', 'counter': 26, 'stdout': '                        [--ssh-extra-args SSH_EXTRA_ARGS]', 'start_line': 25, 'end_line': 26, 'runner_ident': '3a42853a-f5c5-414d-b8d8-90eb7bd66ba6', 'created': '2026-03-08T23:15:29.437257'}
2026-03-08T23:15:29.444117+00:00 CRITICAL 'ansible_navigator.actions.run_playbook._handle_message' Unhandled message from runner queue, discarded: {'event': 'verbose', 'uuid': '09cd8cd5-e543-4f04-a20c-2bce877bf306', 'counter': 27, 'stdout': '                        [-k | --connection-password-file CONNECTION_PASSWORD_FILE]', 'start_line': 26, 'end_line': 27, 'runner_ident': '3a42853a-f5c5-414d-b8d8-90eb7bd66ba6', 'created': '2026-03-08T23:15:29.437311'}
2026-03-08T23:15:29.444191+00:00 CRITICAL 'ansible_navigator.actions.run_playbook._handle_message' Unhandled message from runner queue, discarded: {'event': 'verbose', 'uuid': '6e2e2e7f-c215-4735-8a05-e09b707db9b6', 'counter': 28, 'stdout': '                        [--force-handlers] [--flush-cache] [-b]', 'start_line': 27, 'end_line': 28, 'runner_ident': '3a42853a-f5c5-414d-b8d8-90eb7bd66ba6', 'created': '2026-03-08T23:15:29.437356'}
2026-03-08T23:15:29.444248+00:00 CRITICAL 'ansible_navigator.actions.run_playbook._handle_message' Unhandled message from runner queue, discarded: {'event': 'verbose', 'uuid': 'fc11d7af-e9f2-4a6a-8719-a6d391568af8', 'counter': 29, 'stdout': '                        [--become-method BECOME_METHOD]', 'start_line': 28, 'end_line': 29, 'runner_ident': '3a42853a-f5c5-414d-b8d8-90eb7bd66ba6', 'created': '2026-03-08T23:15:29.437407'}
2026-03-08T23:15:29.444313+00:00 CRITICAL 'ansible_navigator.actions.run_playbook._handle_message' Unhandled message from runner queue, discarded: {'event': 'verbose', 'uuid': 'c4f5dac3-24cf-400b-bc8f-143e20c999b7', 'counter': 30, 'stdout': '                        [--become-user BECOME_USER]', 'start_line': 29, 'end_line': 30, 'runner_ident': '3a42853a-f5c5-414d-b8d8-90eb7bd66ba6', 'created': '2026-03-08T23:15:29.437447'}
2026-03-08T23:15:29.444390+00:00 CRITICAL 'ansible_navigator.actions.run_playbook._handle_message' Unhandled message from runner queue, discarded: {'event': 'verbose', 'uuid': '51f07b99-4c0c-4e6b-8e43-62a6c4ae4909', 'counter': 31, 'stdout': '                        [-K | --become-password-file BECOME_PASSWORD_FILE]', 'start_line': 30, 'end_line': 31, 'runner_ident': '3a42853a-f5c5-414d-b8d8-90eb7bd66ba6', 'created': '2026-03-08T23:15:29.437486'}
2026-03-08T23:15:29.444459+00:00 CRITICAL 'ansible_navigator.actions.run_playbook._handle_message' Unhandled message from runner queue, discarded: {'event': 'verbose', 'uuid': 'c201dd53-a9bb-48b2-a567-ca77277f1cf6', 'counter': 32, 'stdout': '                        [-t TAGS] [--skip-tags SKIP_TAGS] [-C]', 'start_line': 31, 'end_line': 32, 'runner_ident': '3a42853a-f5c5-414d-b8d8-90eb7bd66ba6', 'created': '2026-03-08T23:15:29.437525'}
2026-03-08T23:15:29.444518+00:00 CRITICAL 'ansible_navigator.actions.run_playbook._handle_message' Unhandled message from runner queue, discarded: {'event': 'verbose', 'uuid': '8dbda8b5-4609-4b78-91ad-4e0c1b2761dd', 'counter': 33, 'stdout': '                        [--syntax-check] [-D] [-i INVENTORY] [--list-hosts]', 'start_line': 32, 'end_line': 33, 'runner_ident': '3a42853a-f5c5-414d-b8d8-90eb7bd66ba6', 'created': '2026-03-08T23:15:29.437564'}
2026-03-08T23:15:29.444576+00:00 CRITICAL 'ansible_navigator.actions.run_playbook._handle_message' Unhandled message from runner queue, discarded: {'event': 'verbose', 'uuid': 'abf15c7c-2320-4576-9050-c76e000184e1', 'counter': 34, 'stdout': '                        [-l SUBSET] [-e EXTRA_VARS] [--vault-id VAULT_IDS]', 'start_line': 33, 'end_line': 34, 'runner_ident': '3a42853a-f5c5-414d-b8d8-90eb7bd66ba6', 'created': '2026-03-08T23:15:29.437608'}
2026-03-08T23:15:29.444634+00:00 CRITICAL 'ansible_navigator.actions.run_playbook._handle_message' Unhandled message from runner queue, discarded: {'event': 'verbose', 'uuid': 'ed316034-1785-4bde-b89d-a4dcf5d274ac', 'counter': 35, 'stdout': '                        [--ask-vault-password | --vault-password-file VAULT_PASSWORD_FILES]', 'start_line': 34, 'end_line': 35, 'runner_ident': '3a42853a-f5c5-414d-b8d8-90eb7bd66ba6', 'created': '2026-03-08T23:15:29.437648'}
2026-03-08T23:15:29.444700+00:00 CRITICAL 'ansible_navigator.actions.run_playbook._handle_message' Unhandled message from runner queue, discarded: {'event': 'verbose', 'uuid': 'c916c11b-ea23-4eb7-9023-b5035f84456d', 'counter': 36, 'stdout': '                        [-f FORKS] [-M MODULE_PATH] [--list-tasks]', 'start_line': 35, 'end_line': 36, 'runner_ident': '3a42853a-f5c5-414d-b8d8-90eb7bd66ba6', 'created': '2026-03-08T23:15:29.437708'}
2026-03-08T23:15:29.444757+00:00 CRITICAL 'ansible_navigator.actions.run_playbook._handle_message' Unhandled message from runner queue, discarded: {'event': 'verbose', 'uuid': '954d6854-2743-49a9-9dab-f7afad7188c9', 'counter': 37, 'stdout': '                        [--list-tags] [--step] [--start-at-task START_AT_TASK]', 'start_line': 36, 'end_line': 37, 'runner_ident': '3a42853a-f5c5-414d-b8d8-90eb7bd66ba6', 'created': '2026-03-08T23:15:29.437980'}
2026-03-08T23:15:29.444816+00:00 CRITICAL 'ansible_navigator.actions.run_playbook._handle_message' Unhandled message from runner queue, discarded: {'event': 'verbose', 'uuid': '34eda6f0-86c4-45ba-a33d-e10aa27818ad', 'counter': 38, 'stdout': '                        playbook [playbook ...]', 'start_line': 37, 'end_line': 38, 'runner_ident': '3a42853a-f5c5-414d-b8d8-90eb7bd66ba6', 'created': '2026-03-08T23:15:29.438032'}
2026-03-08T23:15:29.444864+00:00 CRITICAL 'ansible_navigator.actions.run_playbook._handle_message' Unhandled message from runner queue, discarded: {'event': 'verbose', 'uuid': 'eb7d9330-8314-4b0a-acea-a6bad453efb4', 'counter': 39, 'stdout': '', 'start_line': 38, 'end_line': 39, 'runner_ident': '3a42853a-f5c5-414d-b8d8-90eb7bd66ba6', 'created': '2026-03-08T23:15:29.438071'}
2026-03-08T23:15:29.445081+00:00 CRITICAL 'ansible_navigator.actions.run_playbook._handle_message' Unhandled message from runner queue, discarded: {'event': 'verbose', 'uuid': '33f51a58-0f2e-4fd2-97c0-f370053132fd', 'counter': 40, 'stdout': 'Runs Ansible playbooks, executing the defined tasks on the targeted hosts.', 'start_line': 39, 'end_line': 40, 'runner_ident': '3a42853a-f5c5-414d-b8d8-90eb7bd66ba6', 'created': '2026-03-08T23:15:29.438109'}
2026-03-08T23:15:29.445124+00:00 CRITICAL 'ansible_navigator.actions.run_playbook._handle_message' Unhandled message from runner queue, discarded: {'event': 'verbose', 'uuid': '43c676a1-3c8d-4c8a-9b78-b885ce7b9b0a', 'counter': 41, 'stdout': '', 'start_line': 40, 'end_line': 41, 'runner_ident': '3a42853a-f5c5-414d-b8d8-90eb7bd66ba6', 'created': '2026-03-08T23:15:29.438148'}
2026-03-08T23:15:29.445184+00:00 CRITICAL 'ansible_navigator.actions.run_playbook._handle_message' Unhandled message from runner queue, discarded: {'event': 'verbose', 'uuid': '9cc81eab-6bf2-40b2-9d70-eeaed23aa913', 'counter': 42, 'stdout': 'positional arguments:', 'start_line': 41, 'end_line': 42, 'runner_ident': '3a42853a-f5c5-414d-b8d8-90eb7bd66ba6', 'created': '2026-03-08T23:15:29.438186'}
2026-03-08T23:15:29.445260+00:00 CRITICAL 'ansible_navigator.actions.run_playbook._handle_message' Unhandled message from runner queue, discarded: {'event': 'verbose', 'uuid': '9db9c64c-0974-4448-9995-4d6ae23b7017', 'counter': 43, 'stdout': '  playbook              Playbook(s)', 'start_line': 42, 'end_line': 43, 'runner_ident': '3a42853a-f5c5-414d-b8d8-90eb7bd66ba6', 'created': '2026-03-08T23:15:29.438223'}
2026-03-08T23:15:29.445295+00:00 CRITICAL 'ansible_navigator.actions.run_playbook._handle_message' Unhandled message from runner queue, discarded: {'event': 'verbose', 'uuid': '9cb8ae61-9f05-46d9-834d-840976057ad0', 'counter': 44, 'stdout': '', 'start_line': 43, 'end_line': 44, 'runner_ident': '3a42853a-f5c5-414d-b8d8-90eb7bd66ba6', 'created': '2026-03-08T23:15:29.438259'}
2026-03-08T23:15:29.445343+00:00 CRITICAL 'ansible_navigator.actions.run_playbook._handle_message' Unhandled message from runner queue, discarded: {'event': 'verbose', 'uuid': '6252eb17-acee-4a0d-b4b6-f4f73cba1960', 'counter': 45, 'stdout': 'optional arguments:', 'start_line': 44, 'end_line': 45, 'runner_ident': '3a42853a-f5c5-414d-b8d8-90eb7bd66ba6', 'created': '2026-03-08T23:15:29.438295'}
2026-03-08T23:15:29.445405+00:00 CRITICAL 'ansible_navigator.actions.run_playbook._handle_message' Unhandled message from runner queue, discarded: {'event': 'verbose', 'uuid': 'dd3c8889-a545-4e61-b108-ad848f9724d8', 'counter': 46, 'stdout': '  --ask-vault-password, --ask-vault-pass', 'start_line': 45, 'end_line': 46, 'runner_ident': '3a42853a-f5c5-414d-b8d8-90eb7bd66ba6', 'created': '2026-03-08T23:15:29.438331'}
2026-03-08T23:15:29.445462+00:00 CRITICAL 'ansible_navigator.actions.run_playbook._handle_message' Unhandled message from runner queue, discarded: {'event': 'verbose', 'uuid': '2b7d56f5-5d33-4607-b51d-34dec8946d8f', 'counter': 47, 'stdout': '                        ask for vault password', 'start_line': 46, 'end_line': 47, 'runner_ident': '3a42853a-f5c5-414d-b8d8-90eb7bd66ba6', 'created': '2026-03-08T23:15:29.438367'}
2026-03-08T23:15:29.445521+00:00 CRITICAL 'ansible_navigator.actions.run_playbook._handle_message' Unhandled message from runner queue, discarded: {'event': 'verbose', 'uuid': '5017ba95-8ed6-457e-b70d-a9071433fb5e', 'counter': 48, 'stdout': '  --become-password-file BECOME_PASSWORD_FILE, --become-pass-file BECOME_PASSWORD_FILE', 'start_line': 47, 'end_line': 48, 'runner_ident': '3a42853a-f5c5-414d-b8d8-90eb7bd66ba6', 'created': '2026-03-08T23:15:29.438411'}
2026-03-08T23:15:29.445899+00:00 CRITICAL 'ansible_navigator.actions.run_playbook._handle_message' Unhandled message from runner queue, discarded: {'event': 'verbose', 'uuid': 'b46e7fd1-2dc5-455d-8064-a9196ba538a4', 'counter': 49, 'stdout': '                        Become password file', 'start_line': 48, 'end_line': 49, 'runner_ident': '3a42853a-f5c5-414d-b8d8-90eb7bd66ba6', 'created': '2026-03-08T23:15:29.438457'}
2026-03-08T23:15:29.445996+00:00 CRITICAL 'ansible_navigator.actions.run_playbook._handle_message' Unhandled message from runner queue, discarded: {'event': 'verbose', 'uuid': 'c0d0ab31-f213-490e-b8fc-aa579b2a448a', 'counter': 50, 'stdout': '  --connection-password-file CONNECTION_PASSWORD_FILE, --conn-pass-file CONNECTION_PASSWORD_FILE', 'start_line': 49, 'end_line': 50, 'runner_ident': '3a42853a-f5c5-414d-b8d8-90eb7bd66ba6', 'created': '2026-03-08T23:15:29.438495'}
2026-03-08T23:15:29.446054+00:00 CRITICAL 'ansible_navigator.actions.run_playbook._handle_message' Unhandled message from runner queue, discarded: {'event': 'verbose', 'uuid': '1fac6dbe-2d58-4bde-b1b0-5095b3c375aa', 'counter': 51, 'stdout': '                        Connection password file', 'start_line': 50, 'end_line': 51, 'runner_ident': '3a42853a-f5c5-414d-b8d8-90eb7bd66ba6', 'created': '2026-03-08T23:15:29.438537'}
2026-03-08T23:15:29.446108+00:00 CRITICAL 'ansible_navigator.actions.run_playbook._handle_message' Unhandled message from runner queue, discarded: {'event': 'verbose', 'uuid': '21de6049-3657-4ece-906f-63a12b2d2980', 'counter': 52, 'stdout': '  --flush-cache         clear the fact cache for every host in inventory', 'start_line': 51, 'end_line': 52, 'runner_ident': '3a42853a-f5c5-414d-b8d8-90eb7bd66ba6', 'created': '2026-03-08T23:15:29.438576'}
2026-03-08T23:15:29.446160+00:00 CRITICAL 'ansible_navigator.actions.run_playbook._handle_message' Unhandled message from runner queue, discarded: {'event': 'verbose', 'uuid': '5c7307b6-3a46-4702-9890-8831f06a4031', 'counter': 53, 'stdout': '  --force-handlers      run handlers even if a task fails', 'start_line': 52, 'end_line': 53, 'runner_ident': '3a42853a-f5c5-414d-b8d8-90eb7bd66ba6', 'created': '2026-03-08T23:15:29.438611'}
2026-03-08T23:15:29.446215+00:00 CRITICAL 'ansible_navigator.actions.run_playbook._handle_message' Unhandled message from runner queue, discarded: {'event': 'verbose', 'uuid': '08f445cb-4e86-4ae6-bf48-c7b86e6dd8cf', 'counter': 54, 'stdout': '  --list-hosts          outputs a list of matching hosts; does not execute', 'start_line': 53, 'end_line': 54, 'runner_ident': '3a42853a-f5c5-414d-b8d8-90eb7bd66ba6', 'created': '2026-03-08T23:15:29.438648'}
2026-03-08T23:15:29.446465+00:00 CRITICAL 'ansible_navigator.actions.run_playbook._handle_message' Unhandled message from runner queue, discarded: {'event': 'verbose', 'uuid': '5179850a-f064-4c51-85f3-839122f9c755', 'counter': 55, 'stdout': '                        anything else', 'start_line': 54, 'end_line': 55, 'runner_ident': '3a42853a-f5c5-414d-b8d8-90eb7bd66ba6', 'created': '2026-03-08T23:15:29.438696'}
2026-03-08T23:15:29.446717+00:00 CRITICAL 'ansible_navigator.actions.run_playbook._handle_message' Unhandled message from runner queue, discarded: {'event': 'verbose', 'uuid': '0c199a5e-8f8a-41f6-ab7d-d9a7d12d0bad', 'counter': 56, 'stdout': '  --list-tags           list all available tags', 'start_line': 55, 'end_line': 56, 'runner_ident': '3a42853a-f5c5-414d-b8d8-90eb7bd66ba6', 'created': '2026-03-08T23:15:29.438740'}
2026-03-08T23:15:29.446912+00:00 CRITICAL 'ansible_navigator.actions.run_playbook._handle_message' Unhandled message from runner queue, discarded: {'event': 'verbose', 'uuid': '3b2b1fb9-d39e-4a34-93c1-f74dca12192e', 'counter': 57, 'stdout': '  --list-tasks          list all tasks that would be executed', 'start_line': 56, 'end_line': 57, 'runner_ident': '3a42853a-f5c5-414d-b8d8-90eb7bd66ba6', 'created': '2026-03-08T23:15:29.438776'}
2026-03-08T23:15:29.447010+00:00 CRITICAL 'ansible_navigator.actions.run_playbook._handle_message' Unhandled message from runner queue, discarded: {'event': 'verbose', 'uuid': '965c3090-130f-493f-833b-8f7e8b85dead', 'counter': 58, 'stdout': '  --skip-tags SKIP_TAGS', 'start_line': 57, 'end_line': 58, 'runner_ident': '3a42853a-f5c5-414d-b8d8-90eb7bd66ba6', 'created': '2026-03-08T23:15:29.438812'}
2026-03-08T23:15:29.447228+00:00 CRITICAL 'ansible_navigator.actions.run_playbook._handle_message' Unhandled message from runner queue, discarded: {'event': 'verbose', 'uuid': '8aa94e9b-080b-4fd2-960c-f253ca0ad3a3', 'counter': 59, 'stdout': '                        only run plays and tasks whose tags do not match these', 'start_line': 58, 'end_line': 59, 'runner_ident': '3a42853a-f5c5-414d-b8d8-90eb7bd66ba6', 'created': '2026-03-08T23:15:29.438848'}
2026-03-08T23:15:29.447437+00:00 CRITICAL 'ansible_navigator.actions.run_playbook._handle_message' Unhandled message from runner queue, discarded: {'event': 'verbose', 'uuid': 'f4468526-620c-4e30-bc1b-9335e3eb93d5', 'counter': 60, 'stdout': '                        values', 'start_line': 59, 'end_line': 60, 'runner_ident': '3a42853a-f5c5-414d-b8d8-90eb7bd66ba6', 'created': '2026-03-08T23:15:29.438884'}
2026-03-08T23:15:29.447540+00:00 CRITICAL 'ansible_navigator.actions.run_playbook._handle_message' Unhandled message from runner queue, discarded: {'event': 'verbose', 'uuid': '9b20a98c-8acf-4241-8ca7-4de5a1cd0c01', 'counter': 61, 'stdout': '  --start-at-task START_AT_TASK', 'start_line': 60, 'end_line': 61, 'runner_ident': '3a42853a-f5c5-414d-b8d8-90eb7bd66ba6', 'created': '2026-03-08T23:15:29.438920'}
2026-03-08T23:15:29.447781+00:00 CRITICAL 'ansible_navigator.actions.run_playbook._handle_message' Unhandled message from runner queue, discarded: {'event': 'verbose', 'uuid': 'd12bfb16-1f12-4cb4-a84f-20f68c8c542d', 'counter': 62, 'stdout': '                        start the playbook at the task matching this name', 'start_line': 61, 'end_line': 62, 'runner_ident': '3a42853a-f5c5-414d-b8d8-90eb7bd66ba6', 'created': '2026-03-08T23:15:29.438956'}
2026-03-08T23:15:29.447927+00:00 CRITICAL 'ansible_navigator.actions.run_playbook._handle_message' Unhandled message from runner queue, discarded: {'event': 'verbose', 'uuid': 'fa7208ee-c9fe-46f4-8ad6-672908e050a1', 'counter': 63, 'stdout': '  --step                one-step-at-a-time: confirm each task before running', 'start_line': 62, 'end_line': 63, 'runner_ident': '3a42853a-f5c5-414d-b8d8-90eb7bd66ba6', 'created': '2026-03-08T23:15:29.438993'}
2026-03-08T23:15:29.448001+00:00 CRITICAL 'ansible_navigator.actions.run_playbook._handle_message' Unhandled message from runner queue, discarded: {'event': 'verbose', 'uuid': '6779acd0-bb3d-4b96-8e6c-e05bd6525bca', 'counter': 64, 'stdout': '  --syntax-check        perform a syntax check on the playbook, but do not', 'start_line': 63, 'end_line': 64, 'runner_ident': '3a42853a-f5c5-414d-b8d8-90eb7bd66ba6', 'created': '2026-03-08T23:15:29.439032'}
2026-03-08T23:15:29.448055+00:00 CRITICAL 'ansible_navigator.actions.run_playbook._handle_message' Unhandled message from runner queue, discarded: {'event': 'verbose', 'uuid': 'f559ca34-7a64-412e-ab5c-fed58b9d076a', 'counter': 65, 'stdout': '                        execute it', 'start_line': 64, 'end_line': 65, 'runner_ident': '3a42853a-f5c5-414d-b8d8-90eb7bd66ba6', 'created': '2026-03-08T23:15:29.439068'}
2026-03-08T23:15:29.448107+00:00 CRITICAL 'ansible_navigator.actions.run_playbook._handle_message' Unhandled message from runner queue, discarded: {'event': 'verbose', 'uuid': '3b56a81d-12d9-43c5-a828-e0a215b42c7d', 'counter': 66, 'stdout': '  --vault-id VAULT_IDS  the vault identity to use', 'start_line': 65, 'end_line': 66, 'runner_ident': '3a42853a-f5c5-414d-b8d8-90eb7bd66ba6', 'created': '2026-03-08T23:15:29.439103'}
2026-03-08T23:15:29.448162+00:00 CRITICAL 'ansible_navigator.actions.run_playbook._handle_message' Unhandled message from runner queue, discarded: {'event': 'verbose', 'uuid': 'be59f3a7-5429-4dfe-8252-886998249674', 'counter': 67, 'stdout': '  --vault-password-file VAULT_PASSWORD_FILES, --vault-pass-file VAULT_PASSWORD_FILES', 'start_line': 66, 'end_line': 67, 'runner_ident': '3a42853a-f5c5-414d-b8d8-90eb7bd66ba6', 'created': '2026-03-08T23:15:29.439142'}
2026-03-08T23:15:29.448387+00:00 CRITICAL 'ansible_navigator.actions.run_playbook._handle_message' Unhandled message from runner queue, discarded: {'event': 'verbose', 'uuid': '437a11d5-a776-42fa-9cae-5d792d9f7f93', 'counter': 68, 'stdout': '                        vault password file', 'start_line': 67, 'end_line': 68, 'runner_ident': '3a42853a-f5c5-414d-b8d8-90eb7bd66ba6', 'created': '2026-03-08T23:15:29.439178'}
2026-03-08T23:15:29.448476+00:00 CRITICAL 'ansible_navigator.actions.run_playbook._handle_message' Unhandled message from runner queue, discarded: {'event': 'verbose', 'uuid': '4f3cd560-dd54-469f-84a4-2c43501b15cb', 'counter': 69, 'stdout': "  --version             show program's version number, config file location,", 'start_line': 68, 'end_line': 69, 'runner_ident': '3a42853a-f5c5-414d-b8d8-90eb7bd66ba6', 'created': '2026-03-08T23:15:29.439214'}
2026-03-08T23:15:29.448536+00:00 CRITICAL 'ansible_navigator.actions.run_playbook._handle_message' Unhandled message from runner queue, discarded: {'event': 'verbose', 'uuid': '75db1f59-d74c-4e10-bc40-cb69ebc24ebd', 'counter': 70, 'stdout': '                        configured module search path, module location,', 'start_line': 69, 'end_line': 70, 'runner_ident': '3a42853a-f5c5-414d-b8d8-90eb7bd66ba6', 'created': '2026-03-08T23:15:29.439263'}
2026-03-08T23:15:29.448588+00:00 CRITICAL 'ansible_navigator.actions.run_playbook._handle_message' Unhandled message from runner queue, discarded: {'event': 'verbose', 'uuid': 'd5b24ffc-e56a-4742-ad2f-99aeeb328d09', 'counter': 71, 'stdout': '                        executable location and exit', 'start_line': 70, 'end_line': 71, 'runner_ident': '3a42853a-f5c5-414d-b8d8-90eb7bd66ba6', 'created': '2026-03-08T23:15:29.439300'}
2026-03-08T23:15:29.448638+00:00 CRITICAL 'ansible_navigator.actions.run_playbook._handle_message' Unhandled message from runner queue, discarded: {'event': 'verbose', 'uuid': '08e583fc-8f2f-4bde-b06d-0318c9e2ade9', 'counter': 72, 'stdout': "  -C, --check           don't make any changes; instead, try to predict some", 'start_line': 71, 'end_line': 72, 'runner_ident': '3a42853a-f5c5-414d-b8d8-90eb7bd66ba6', 'created': '2026-03-08T23:15:29.439337'}
2026-03-08T23:15:29.448697+00:00 CRITICAL 'ansible_navigator.actions.run_playbook._handle_message' Unhandled message from runner queue, discarded: {'event': 'verbose', 'uuid': '6bf40443-d558-44a9-9550-98bed4421889', 'counter': 73, 'stdout': '                        of the changes that may occur', 'start_line': 72, 'end_line': 73, 'runner_ident': '3a42853a-f5c5-414d-b8d8-90eb7bd66ba6', 'created': '2026-03-08T23:15:29.439389'}
2026-03-08T23:15:29.448769+00:00 CRITICAL 'ansible_navigator.actions.run_playbook._handle_message' Unhandled message from runner queue, discarded: {'event': 'verbose', 'uuid': 'c0156c16-9e4e-4531-8184-c8e51120ea68', 'counter': 74, 'stdout': '  -D, --diff            when changing (small) files and templates, show the', 'start_line': 73, 'end_line': 74, 'runner_ident': '3a42853a-f5c5-414d-b8d8-90eb7bd66ba6', 'created': '2026-03-08T23:15:29.439427'}
2026-03-08T23:15:29.448831+00:00 CRITICAL 'ansible_navigator.actions.run_playbook._handle_message' Unhandled message from runner queue, discarded: {'event': 'verbose', 'uuid': '1f890fa8-101a-4d01-ad6e-eede787c6aa0', 'counter': 75, 'stdout': '                        differences in those files; works great with --check', 'start_line': 74, 'end_line': 75, 'runner_ident': '3a42853a-f5c5-414d-b8d8-90eb7bd66ba6', 'created': '2026-03-08T23:15:29.439690'}
2026-03-08T23:15:29.448887+00:00 CRITICAL 'ansible_navigator.actions.run_playbook._handle_message' Unhandled message from runner queue, discarded: {'event': 'verbose', 'uuid': 'b2577579-168d-4446-8725-c2c7564e9564', 'counter': 76, 'stdout': '  -K, --ask-become-pass', 'start_line': 75, 'end_line': 76, 'runner_ident': '3a42853a-f5c5-414d-b8d8-90eb7bd66ba6', 'created': '2026-03-08T23:15:29.439746'}
2026-03-08T23:15:29.448946+00:00 CRITICAL 'ansible_navigator.actions.run_playbook._handle_message' Unhandled message from runner queue, discarded: {'event': 'verbose', 'uuid': '8910b401-220d-4837-a72c-5eb886d9e856', 'counter': 77, 'stdout': '                        ask for privilege escalation password', 'start_line': 76, 'end_line': 77, 'runner_ident': '3a42853a-f5c5-414d-b8d8-90eb7bd66ba6', 'created': '2026-03-08T23:15:29.439788'}
2026-03-08T23:15:29.449001+00:00 CRITICAL 'ansible_navigator.actions.run_playbook._handle_message' Unhandled message from runner queue, discarded: {'event': 'verbose', 'uuid': '74ac0a81-cef6-464d-9fce-3f26fcec533e', 'counter': 78, 'stdout': '  -M MODULE_PATH, --module-path MODULE_PATH', 'start_line': 77, 'end_line': 78, 'runner_ident': '3a42853a-f5c5-414d-b8d8-90eb7bd66ba6', 'created': '2026-03-08T23:15:29.439844'}
2026-03-08T23:15:29.449057+00:00 CRITICAL 'ansible_navigator.actions.run_playbook._handle_message' Unhandled message from runner queue, discarded: {'event': 'verbose', 'uuid': '62cfd17b-f45d-427a-ab35-368f42fff7e5', 'counter': 79, 'stdout': '                        prepend colon-separated path(s) to module library (def', 'start_line': 78, 'end_line': 79, 'runner_ident': '3a42853a-f5c5-414d-b8d8-90eb7bd66ba6', 'created': '2026-03-08T23:15:29.439882'}
2026-03-08T23:15:29.449107+00:00 CRITICAL 'ansible_navigator.actions.run_playbook._handle_message' Unhandled message from runner queue, discarded: {'event': 'verbose', 'uuid': 'f4074cdc-9ba0-4f66-b27b-9fd53a804c44', 'counter': 80, 'stdout': '                        ault=~/.ansible/plugins/modules:/usr/share/ansible/plu', 'start_line': 79, 'end_line': 80, 'runner_ident': '3a42853a-f5c5-414d-b8d8-90eb7bd66ba6', 'created': '2026-03-08T23:15:29.439922'}
2026-03-08T23:15:29.449164+00:00 CRITICAL 'ansible_navigator.actions.run_playbook._handle_message' Unhandled message from runner queue, discarded: {'event': 'verbose', 'uuid': '2581ca12-ca61-411b-a32b-c590dbe54503', 'counter': 81, 'stdout': '                        gins/modules)', 'start_line': 80, 'end_line': 81, 'runner_ident': '3a42853a-f5c5-414d-b8d8-90eb7bd66ba6', 'created': '2026-03-08T23:15:29.439962'}
2026-03-08T23:15:29.449222+00:00 CRITICAL 'ansible_navigator.actions.run_playbook._handle_message' Unhandled message from runner queue, discarded: {'event': 'verbose', 'uuid': '0122466a-1b40-4323-8f2c-1e6a034c78e0', 'counter': 82, 'stdout': '  -e EXTRA_VARS, --extra-vars EXTRA_VARS', 'start_line': 81, 'end_line': 82, 'runner_ident': '3a42853a-f5c5-414d-b8d8-90eb7bd66ba6', 'created': '2026-03-08T23:15:29.440001'}
2026-03-08T23:15:29.449277+00:00 CRITICAL 'ansible_navigator.actions.run_playbook._handle_message' Unhandled message from runner queue, discarded: {'event': 'verbose', 'uuid': '27a94fc9-789a-49e2-965f-f69c4d21c314', 'counter': 83, 'stdout': '                        set additional variables as key=value or YAML/JSON, if', 'start_line': 82, 'end_line': 83, 'runner_ident': '3a42853a-f5c5-414d-b8d8-90eb7bd66ba6', 'created': '2026-03-08T23:15:29.440041'}
2026-03-08T23:15:29.449332+00:00 CRITICAL 'ansible_navigator.actions.run_playbook._handle_message' Unhandled message from runner queue, discarded: {'event': 'verbose', 'uuid': '3a43dcca-1679-4b5e-9845-2b366919f321', 'counter': 84, 'stdout': '                        filename prepend with @', 'start_line': 83, 'end_line': 84, 'runner_ident': '3a42853a-f5c5-414d-b8d8-90eb7bd66ba6', 'created': '2026-03-08T23:15:29.440079'}
2026-03-08T23:15:29.449393+00:00 CRITICAL 'ansible_navigator.actions.run_playbook._handle_message' Unhandled message from runner queue, discarded: {'event': 'verbose', 'uuid': '276ea992-c923-4605-97d0-6726a316e6d2', 'counter': 85, 'stdout': '  -f FORKS, --forks FORKS', 'start_line': 84, 'end_line': 85, 'runner_ident': '3a42853a-f5c5-414d-b8d8-90eb7bd66ba6', 'created': '2026-03-08T23:15:29.440130'}
2026-03-08T23:15:29.449448+00:00 CRITICAL 'ansible_navigator.actions.run_playbook._handle_message' Unhandled message from runner queue, discarded: {'event': 'verbose', 'uuid': '82d4afd9-2b4b-4fdc-9bde-229406a6afe4', 'counter': 86, 'stdout': '                        specify number of parallel processes to use', 'start_line': 85, 'end_line': 86, 'runner_ident': '3a42853a-f5c5-414d-b8d8-90eb7bd66ba6', 'created': '2026-03-08T23:15:29.440167'}
2026-03-08T23:15:29.449511+00:00 CRITICAL 'ansible_navigator.actions.run_playbook._handle_message' Unhandled message from runner queue, discarded: {'event': 'verbose', 'uuid': '2a61fa11-aaf4-42c5-a3d8-63843717f633', 'counter': 87, 'stdout': '                        (default=5)', 'start_line': 86, 'end_line': 87, 'runner_ident': '3a42853a-f5c5-414d-b8d8-90eb7bd66ba6', 'created': '2026-03-08T23:15:29.440202'}
2026-03-08T23:15:29.449564+00:00 CRITICAL 'ansible_navigator.actions.run_playbook._handle_message' Unhandled message from runner queue, discarded: {'event': 'verbose', 'uuid': 'c427ffcf-3ffc-4b08-8bf7-03de09c21e31', 'counter': 88, 'stdout': '  -h, --help            show this help message and exit', 'start_line': 87, 'end_line': 88, 'runner_ident': '3a42853a-f5c5-414d-b8d8-90eb7bd66ba6', 'created': '2026-03-08T23:15:29.440257'}
2026-03-08T23:15:29.449619+00:00 CRITICAL 'ansible_navigator.actions.run_playbook._handle_message' Unhandled message from runner queue, discarded: {'event': 'verbose', 'uuid': '411d0c32-d117-4ddb-a31e-af11d647ed7e', 'counter': 89, 'stdout': '  -i INVENTORY, --inventory INVENTORY, --inventory-file INVENTORY', 'start_line': 88, 'end_line': 89, 'runner_ident': '3a42853a-f5c5-414d-b8d8-90eb7bd66ba6', 'created': '2026-03-08T23:15:29.440295'}
2026-03-08T23:15:29.449674+00:00 CRITICAL 'ansible_navigator.actions.run_playbook._handle_message' Unhandled message from runner queue, discarded: {'event': 'verbose', 'uuid': '5b699bda-bb85-4ab9-84a5-59e9857579b7', 'counter': 90, 'stdout': '                        specify inventory host path or comma separated host', 'start_line': 89, 'end_line': 90, 'runner_ident': '3a42853a-f5c5-414d-b8d8-90eb7bd66ba6', 'created': '2026-03-08T23:15:29.440348'}
2026-03-08T23:15:29.449744+00:00 CRITICAL 'ansible_navigator.actions.run_playbook._handle_message' Unhandled message from runner queue, discarded: {'event': 'verbose', 'uuid': '8fdb8caf-8663-4375-8fac-bf03f591bd80', 'counter': 91, 'stdout': '                        list. --inventory-file is deprecated', 'start_line': 90, 'end_line': 91, 'runner_ident': '3a42853a-f5c5-414d-b8d8-90eb7bd66ba6', 'created': '2026-03-08T23:15:29.440398'}
2026-03-08T23:15:29.449802+00:00 CRITICAL 'ansible_navigator.actions.run_playbook._handle_message' Unhandled message from runner queue, discarded: {'event': 'verbose', 'uuid': 'b70fb77d-7ca1-4413-81f7-98b81fd9b35d', 'counter': 92, 'stdout': '  -k, --ask-pass        ask for connection password', 'start_line': 91, 'end_line': 92, 'runner_ident': '3a42853a-f5c5-414d-b8d8-90eb7bd66ba6', 'created': '2026-03-08T23:15:29.440456'}
2026-03-08T23:15:29.449858+00:00 CRITICAL 'ansible_navigator.actions.run_playbook._handle_message' Unhandled message from runner queue, discarded: {'event': 'verbose', 'uuid': '360c1e01-d64f-43cc-95d9-28c16322ba74', 'counter': 93, 'stdout': '  -l SUBSET, --limit SUBSET', 'start_line': 92, 'end_line': 93, 'runner_ident': '3a42853a-f5c5-414d-b8d8-90eb7bd66ba6', 'created': '2026-03-08T23:15:29.440495'}
2026-03-08T23:15:29.449913+00:00 CRITICAL 'ansible_navigator.actions.run_playbook._handle_message' Unhandled message from runner queue, discarded: {'event': 'verbose', 'uuid': 'ea976976-d754-4d5c-8f11-eee60006dc5c', 'counter': 94, 'stdout': '                        further limit selected hosts to an additional pattern', 'start_line': 93, 'end_line': 94, 'runner_ident': '3a42853a-f5c5-414d-b8d8-90eb7bd66ba6', 'created': '2026-03-08T23:15:29.440534'}
2026-03-08T23:15:29.449967+00:00 CRITICAL 'ansible_navigator.actions.run_playbook._handle_message' Unhandled message from runner queue, discarded: {'event': 'verbose', 'uuid': '4988f867-715a-433f-9e9e-b4f52a4bbb1e', 'counter': 95, 'stdout': '  -t TAGS, --tags TAGS  only run plays and tasks tagged with these values', 'start_line': 94, 'end_line': 95, 'runner_ident': '3a42853a-f5c5-414d-b8d8-90eb7bd66ba6', 'created': '2026-03-08T23:15:29.440572'}
2026-03-08T23:15:29.450034+00:00 CRITICAL 'ansible_navigator.actions.run_playbook._handle_message' Unhandled message from runner queue, discarded: {'event': 'verbose', 'uuid': 'd616b249-bc58-4ca7-808a-bfad7ca61d33', 'counter': 96, 'stdout': '  -v, --verbose         Causes Ansible to print more debug messages. Adding', 'start_line': 95, 'end_line': 96, 'runner_ident': '3a42853a-f5c5-414d-b8d8-90eb7bd66ba6', 'created': '2026-03-08T23:15:29.440613'}
2026-03-08T23:15:29.450090+00:00 CRITICAL 'ansible_navigator.actions.run_playbook._handle_message' Unhandled message from runner queue, discarded: {'event': 'verbose', 'uuid': '87a42177-9cfd-47b0-a38e-2d20d468dee1', 'counter': 97, 'stdout': '                        multiple -v will increase the verbosity, the builtin', 'start_line': 96, 'end_line': 97, 'runner_ident': '3a42853a-f5c5-414d-b8d8-90eb7bd66ba6', 'created': '2026-03-08T23:15:29.440651'}
2026-03-08T23:15:29.450158+00:00 CRITICAL 'ansible_navigator.actions.run_playbook._handle_message' Unhandled message from runner queue, discarded: {'event': 'verbose', 'uuid': 'd975c04c-fade-49fb-a0b6-0dc8476516f3', 'counter': 98, 'stdout': '                        plugins currently evaluate up to -vvvvvv. A reasonable', 'start_line': 97, 'end_line': 98, 'runner_ident': '3a42853a-f5c5-414d-b8d8-90eb7bd66ba6', 'created': '2026-03-08T23:15:29.440690'}
2026-03-08T23:15:29.450210+00:00 CRITICAL 'ansible_navigator.actions.run_playbook._handle_message' Unhandled message from runner queue, discarded: {'event': 'verbose', 'uuid': '54af0ac1-83fc-4fba-8ee0-70f2b2ea25f6', 'counter': 99, 'stdout': '                        level to start is -vvv, connection debugging might', 'start_line': 98, 'end_line': 99, 'runner_ident': '3a42853a-f5c5-414d-b8d8-90eb7bd66ba6', 'created': '2026-03-08T23:15:29.441010'}
2026-03-08T23:15:29.450262+00:00 CRITICAL 'ansible_navigator.actions.run_playbook._handle_message' Unhandled message from runner queue, discarded: {'event': 'verbose', 'uuid': '86d2508a-1742-4bb5-9b9a-5d1eaeda17fd', 'counter': 100, 'stdout': '                        require -vvvv.', 'start_line': 99, 'end_line': 100, 'runner_ident': '3a42853a-f5c5-414d-b8d8-90eb7bd66ba6', 'created': '2026-03-08T23:15:29.442062'}
2026-03-08T23:15:29.450296+00:00 CRITICAL 'ansible_navigator.actions.run_playbook._handle_message' Unhandled message from runner queue, discarded: {'event': 'verbose', 'uuid': 'fc46b354-fb4e-4438-a235-966afd46e163', 'counter': 101, 'stdout': '', 'start_line': 100, 'end_line': 101, 'runner_ident': '3a42853a-f5c5-414d-b8d8-90eb7bd66ba6', 'created': '2026-03-08T23:15:29.443359'}
2026-03-08T23:15:29.450500+00:00 CRITICAL 'ansible_navigator.actions.run_playbook._handle_message' Unhandled message from runner queue, discarded: {'event': 'verbose', 'uuid': '1858bfc0-0155-4b73-8e94-ce2c5ca56a59', 'counter': 102, 'stdout': 'Connection Options:', 'start_line': 101, 'end_line': 102, 'runner_ident': '3a42853a-f5c5-414d-b8d8-90eb7bd66ba6', 'created': '2026-03-08T23:15:29.444942'}
2026-03-08T23:15:29.450768+00:00 CRITICAL 'ansible_navigator.actions.run_playbook._handle_message' Unhandled message from runner queue, discarded: {'event': 'verbose', 'uuid': '867cac73-730c-4fd4-99ff-17b4c77881da', 'counter': 103, 'stdout': '  control as whom and how to connect to hosts', 'start_line': 102, 'end_line': 103, 'runner_ident': '3a42853a-f5c5-414d-b8d8-90eb7bd66ba6', 'created': '2026-03-08T23:15:29.445656'}
2026-03-08T23:15:29.450882+00:00 CRITICAL 'ansible_navigator.actions.run_playbook._handle_message' Unhandled message from runner queue, discarded: {'event': 'verbose', 'uuid': '98663e17-2490-457d-bfc7-bf7add5ddeeb', 'counter': 104, 'stdout': '', 'start_line': 103, 'end_line': 104, 'runner_ident': '3a42853a-f5c5-414d-b8d8-90eb7bd66ba6', 'created': '2026-03-08T23:15:29.445746'}
2026-03-08T23:15:29.450981+00:00 CRITICAL 'ansible_navigator.actions.run_playbook._handle_message' Unhandled message from runner queue, discarded: {'event': 'verbose', 'uuid': '1c11731f-ee77-4dce-a476-e641c76d382c', 'counter': 105, 'stdout': '  --private-key PRIVATE_KEY_FILE, --key-file PRIVATE_KEY_FILE', 'start_line': 104, 'end_line': 105, 'runner_ident': '3a42853a-f5c5-414d-b8d8-90eb7bd66ba6', 'created': '2026-03-08T23:15:29.445850'}
2026-03-08T23:15:29.451060+00:00 CRITICAL 'ansible_navigator.actions.run_playbook._handle_message' Unhandled message from runner queue, discarded: {'event': 'verbose', 'uuid': '5746f6fd-f7ad-4903-8b3b-991c032e4131', 'counter': 106, 'stdout': '                        use this file to authenticate the connection', 'start_line': 105, 'end_line': 106, 'runner_ident': '3a42853a-f5c5-414d-b8d8-90eb7bd66ba6', 'created': '2026-03-08T23:15:29.446540'}
2026-03-08T23:15:29.451118+00:00 CRITICAL 'ansible_navigator.actions.run_playbook._handle_message' Unhandled message from runner queue, discarded: {'event': 'verbose', 'uuid': 'c1f4b44e-8d13-4402-b7e0-e916552f1634', 'counter': 107, 'stdout': '  --scp-extra-args SCP_EXTRA_ARGS', 'start_line': 106, 'end_line': 107, 'runner_ident': '3a42853a-f5c5-414d-b8d8-90eb7bd66ba6', 'created': '2026-03-08T23:15:29.446851'}
2026-03-08T23:15:29.451175+00:00 CRITICAL 'ansible_navigator.actions.run_playbook._handle_message' Unhandled message from runner queue, discarded: {'event': 'verbose', 'uuid': '217dc7c0-129a-4344-890b-ee8c12fa37cf', 'counter': 108, 'stdout': '                        specify extra arguments to pass to scp only (e.g. -l)', 'start_line': 107, 'end_line': 108, 'runner_ident': '3a42853a-f5c5-414d-b8d8-90eb7bd66ba6', 'created': '2026-03-08T23:15:29.447288'}
2026-03-08T23:15:29.451234+00:00 CRITICAL 'ansible_navigator.actions.run_playbook._handle_message' Unhandled message from runner queue, discarded: {'event': 'verbose', 'uuid': '25108e24-8986-4ac1-8e60-c40ee9816084', 'counter': 109, 'stdout': '  --sftp-extra-args SFTP_EXTRA_ARGS', 'start_line': 108, 'end_line': 109, 'runner_ident': '3a42853a-f5c5-414d-b8d8-90eb7bd66ba6', 'created': '2026-03-08T23:15:29.447636'}
2026-03-08T23:15:29.451293+00:00 CRITICAL 'ansible_navigator.actions.run_playbook._handle_message' Unhandled message from runner queue, discarded: {'event': 'verbose', 'uuid': 'abc58a36-2be2-4243-aaac-1ccfd285462e', 'counter': 110, 'stdout': '                        specify extra arguments to pass to sftp only (e.g. -f,', 'start_line': 109, 'end_line': 110, 'runner_ident': '3a42853a-f5c5-414d-b8d8-90eb7bd66ba6', 'created': '2026-03-08T23:15:29.448246'}
2026-03-08T23:15:29.451343+00:00 CRITICAL 'ansible_navigator.actions.run_playbook._handle_message' Unhandled message from runner queue, discarded: {'event': 'verbose', 'uuid': 'eeae3c03-9727-4e86-a97c-f428bc5eaea8', 'counter': 111, 'stdout': '                        -l)', 'start_line': 110, 'end_line': 111, 'runner_ident': '3a42853a-f5c5-414d-b8d8-90eb7bd66ba6', 'created': '2026-03-08T23:15:29.450815'}
2026-03-08T23:15:29.461541+00:00 CRITICAL 'ansible_navigator.actions.run_playbook._handle_message' Unhandled message from runner queue, discarded: {'event': 'verbose', 'uuid': '4dfc5071-4227-497b-9ba7-39f67f717297', 'counter': 112, 'stdout': '  --ssh-common-args SSH_COMMON_ARGS', 'start_line': 111, 'end_line': 112, 'runner_ident': '3a42853a-f5c5-414d-b8d8-90eb7bd66ba6', 'created': '2026-03-08T23:15:29.451450'}
2026-03-08T23:15:29.461661+00:00 CRITICAL 'ansible_navigator.actions.run_playbook._handle_message' Unhandled message from runner queue, discarded: {'event': 'verbose', 'uuid': 'bb9ee45b-06f1-4d86-9ad8-c1259efd95d7', 'counter': 113, 'stdout': '                        specify common arguments to pass to sftp/scp/ssh (e.g.', 'start_line': 112, 'end_line': 113, 'runner_ident': '3a42853a-f5c5-414d-b8d8-90eb7bd66ba6', 'created': '2026-03-08T23:15:29.451560'}
2026-03-08T23:15:29.461734+00:00 CRITICAL 'ansible_navigator.actions.run_playbook._handle_message' Unhandled message from runner queue, discarded: {'event': 'verbose', 'uuid': 'f44b5486-998f-43c4-a8df-63014efc99d5', 'counter': 114, 'stdout': '                        ProxyCommand)', 'start_line': 113, 'end_line': 114, 'runner_ident': '3a42853a-f5c5-414d-b8d8-90eb7bd66ba6', 'created': '2026-03-08T23:15:29.451612'}
2026-03-08T23:15:29.461797+00:00 CRITICAL 'ansible_navigator.actions.run_playbook._handle_message' Unhandled message from runner queue, discarded: {'event': 'verbose', 'uuid': '97427ebc-61f6-415b-b96d-bca288cd15a8', 'counter': 115, 'stdout': '  --ssh-extra-args SSH_EXTRA_ARGS', 'start_line': 114, 'end_line': 115, 'runner_ident': '3a42853a-f5c5-414d-b8d8-90eb7bd66ba6', 'created': '2026-03-08T23:15:29.451656'}
2026-03-08T23:15:29.461868+00:00 CRITICAL 'ansible_navigator.actions.run_playbook._handle_message' Unhandled message from runner queue, discarded: {'event': 'verbose', 'uuid': 'c9be4626-dd06-49f7-ba0a-6a75dd24785b', 'counter': 116, 'stdout': '                        specify extra arguments to pass to ssh only (e.g. -R)', 'start_line': 115, 'end_line': 116, 'runner_ident': '3a42853a-f5c5-414d-b8d8-90eb7bd66ba6', 'created': '2026-03-08T23:15:29.451712'}
2026-03-08T23:15:29.461922+00:00 CRITICAL 'ansible_navigator.actions.run_playbook._handle_message' Unhandled message from runner queue, discarded: {'event': 'verbose', 'uuid': 'c71589d9-7e65-4011-9b46-d6a30c81860c', 'counter': 117, 'stdout': '  -T TIMEOUT, --timeout TIMEOUT', 'start_line': 116, 'end_line': 117, 'runner_ident': '3a42853a-f5c5-414d-b8d8-90eb7bd66ba6', 'created': '2026-03-08T23:15:29.451759'}
2026-03-08T23:15:29.461976+00:00 CRITICAL 'ansible_navigator.actions.run_playbook._handle_message' Unhandled message from runner queue, discarded: {'event': 'verbose', 'uuid': '6b873c7b-a85f-480d-9a4d-03c3e0908552', 'counter': 118, 'stdout': '                        override the connection timeout in seconds', 'start_line': 117, 'end_line': 118, 'runner_ident': '3a42853a-f5c5-414d-b8d8-90eb7bd66ba6', 'created': '2026-03-08T23:15:29.451799'}
2026-03-08T23:15:29.462029+00:00 CRITICAL 'ansible_navigator.actions.run_playbook._handle_message' Unhandled message from runner queue, discarded: {'event': 'verbose', 'uuid': '917a2e6f-c8c5-4a3c-a1d1-e99117242852', 'counter': 119, 'stdout': '                        (default=10)', 'start_line': 118, 'end_line': 119, 'runner_ident': '3a42853a-f5c5-414d-b8d8-90eb7bd66ba6', 'created': '2026-03-08T23:15:29.451839'}
2026-03-08T23:15:29.462080+00:00 CRITICAL 'ansible_navigator.actions.run_playbook._handle_message' Unhandled message from runner queue, discarded: {'event': 'verbose', 'uuid': 'a2394724-86ab-4464-b0d9-c1276d9dd89e', 'counter': 120, 'stdout': '  -c CONNECTION, --connection CONNECTION', 'start_line': 119, 'end_line': 120, 'runner_ident': '3a42853a-f5c5-414d-b8d8-90eb7bd66ba6', 'created': '2026-03-08T23:15:29.451895'}
2026-03-08T23:15:29.462133+00:00 CRITICAL 'ansible_navigator.actions.run_playbook._handle_message' Unhandled message from runner queue, discarded: {'event': 'verbose', 'uuid': '531994a6-0bdd-4db1-a50f-5688fcfd5ec8', 'counter': 121, 'stdout': '                        connection type to use (default=smart)', 'start_line': 120, 'end_line': 121, 'runner_ident': '3a42853a-f5c5-414d-b8d8-90eb7bd66ba6', 'created': '2026-03-08T23:15:29.451934'}
2026-03-08T23:15:29.462191+00:00 CRITICAL 'ansible_navigator.actions.run_playbook._handle_message' Unhandled message from runner queue, discarded: {'event': 'verbose', 'uuid': '614cd5dd-6c9d-46bf-8e88-5efe0a8f1922', 'counter': 122, 'stdout': '  -u REMOTE_USER, --user REMOTE_USER', 'start_line': 121, 'end_line': 122, 'runner_ident': '3a42853a-f5c5-414d-b8d8-90eb7bd66ba6', 'created': '2026-03-08T23:15:29.451972'}
2026-03-08T23:15:29.462247+00:00 CRITICAL 'ansible_navigator.actions.run_playbook._handle_message' Unhandled message from runner queue, discarded: {'event': 'verbose', 'uuid': '6931e089-5133-43a2-bb88-d3df32a1974b', 'counter': 123, 'stdout': '                        connect as this user (default=devops)', 'start_line': 122, 'end_line': 123, 'runner_ident': '3a42853a-f5c5-414d-b8d8-90eb7bd66ba6', 'created': '2026-03-08T23:15:29.452010'}
2026-03-08T23:15:29.462282+00:00 CRITICAL 'ansible_navigator.actions.run_playbook._handle_message' Unhandled message from runner queue, discarded: {'event': 'verbose', 'uuid': '3e00beba-acc5-494f-82ec-1bb4c393495d', 'counter': 124, 'stdout': '', 'start_line': 123, 'end_line': 124, 'runner_ident': '3a42853a-f5c5-414d-b8d8-90eb7bd66ba6', 'created': '2026-03-08T23:15:29.452048'}
2026-03-08T23:15:29.462349+00:00 CRITICAL 'ansible_navigator.actions.run_playbook._handle_message' Unhandled message from runner queue, discarded: {'event': 'verbose', 'uuid': 'e36e6028-e738-484d-ab84-b40379356bca', 'counter': 125, 'stdout': 'Privilege Escalation Options:', 'start_line': 124, 'end_line': 125, 'runner_ident': '3a42853a-f5c5-414d-b8d8-90eb7bd66ba6', 'created': '2026-03-08T23:15:29.452086'}
2026-03-08T23:15:29.462413+00:00 CRITICAL 'ansible_navigator.actions.run_playbook._handle_message' Unhandled message from runner queue, discarded: {'event': 'verbose', 'uuid': '20e7e37c-dc8c-4022-a328-1c786195a2d0', 'counter': 126, 'stdout': '  control how and which user you become as on target hosts', 'start_line': 125, 'end_line': 126, 'runner_ident': '3a42853a-f5c5-414d-b8d8-90eb7bd66ba6', 'created': '2026-03-08T23:15:29.452125'}
2026-03-08T23:15:29.462450+00:00 CRITICAL 'ansible_navigator.actions.run_playbook._handle_message' Unhandled message from runner queue, discarded: {'event': 'verbose', 'uuid': '5d7fbcfc-3358-4d80-b54f-b92316fa9edf', 'counter': 127, 'stdout': '', 'start_line': 126, 'end_line': 127, 'runner_ident': '3a42853a-f5c5-414d-b8d8-90eb7bd66ba6', 'created': '2026-03-08T23:15:29.452164'}
2026-03-08T23:15:29.462496+00:00 CRITICAL 'ansible_navigator.actions.run_playbook._handle_message' Unhandled message from runner queue, discarded: {'event': 'verbose', 'uuid': 'e3665979-06a9-4e88-bc39-005857f9abea', 'counter': 128, 'stdout': '  --become-method BECOME_METHOD', 'start_line': 127, 'end_line': 128, 'runner_ident': '3a42853a-f5c5-414d-b8d8-90eb7bd66ba6', 'created': '2026-03-08T23:15:29.452203'}
2026-03-08T23:15:29.462550+00:00 CRITICAL 'ansible_navigator.actions.run_playbook._handle_message' Unhandled message from runner queue, discarded: {'event': 'verbose', 'uuid': '50295051-eccf-43f0-a332-f02bd252332c', 'counter': 129, 'stdout': '                        privilege escalation method to use (default=sudo), use', 'start_line': 128, 'end_line': 129, 'runner_ident': '3a42853a-f5c5-414d-b8d8-90eb7bd66ba6', 'created': '2026-03-08T23:15:29.452241'}
2026-03-08T23:15:29.462600+00:00 CRITICAL 'ansible_navigator.actions.run_playbook._handle_message' Unhandled message from runner queue, discarded: {'event': 'verbose', 'uuid': '8609a33d-1104-4314-9be2-ca61d9a330da', 'counter': 130, 'stdout': '                        `ansible-doc -t become -l` to list valid choices.', 'start_line': 129, 'end_line': 130, 'runner_ident': '3a42853a-f5c5-414d-b8d8-90eb7bd66ba6', 'created': '2026-03-08T23:15:29.452280'}
2026-03-08T23:15:29.462651+00:00 CRITICAL 'ansible_navigator.actions.run_playbook._handle_message' Unhandled message from runner queue, discarded: {'event': 'verbose', 'uuid': '6908349d-c4d0-43d1-8d27-a12331cc962e', 'counter': 131, 'stdout': '  --become-user BECOME_USER', 'start_line': 130, 'end_line': 131, 'runner_ident': '3a42853a-f5c5-414d-b8d8-90eb7bd66ba6', 'created': '2026-03-08T23:15:29.452319'}
2026-03-08T23:15:29.462709+00:00 CRITICAL 'ansible_navigator.actions.run_playbook._handle_message' Unhandled message from runner queue, discarded: {'event': 'verbose', 'uuid': '83f2d1f1-55d7-4808-803d-0528da7bffb6', 'counter': 132, 'stdout': '                        run operations as this user (default=root)', 'start_line': 131, 'end_line': 132, 'runner_ident': '3a42853a-f5c5-414d-b8d8-90eb7bd66ba6', 'created': '2026-03-08T23:15:29.452357'}
2026-03-08T23:15:29.462764+00:00 CRITICAL 'ansible_navigator.actions.run_playbook._handle_message' Unhandled message from runner queue, discarded: {'event': 'verbose', 'uuid': 'a9318c1e-5d1b-4ebb-bbc7-1347d94653e0', 'counter': 133, 'stdout': '  -b, --become          run operations with become (does not imply password', 'start_line': 132, 'end_line': 133, 'runner_ident': '3a42853a-f5c5-414d-b8d8-90eb7bd66ba6', 'created': '2026-03-08T23:15:29.452403'}
2026-03-08T23:15:29.462816+00:00 CRITICAL 'ansible_navigator.actions.run_playbook._handle_message' Unhandled message from runner queue, discarded: {'event': 'verbose', 'uuid': 'bcb42a08-edd2-40c3-b1ca-a0133c876e4e', 'counter': 134, 'stdout': '                        prompting)', 'start_line': 133, 'end_line': 134, 'runner_ident': '3a42853a-f5c5-414d-b8d8-90eb7bd66ba6', 'created': '2026-03-08T23:15:29.452442'}
2026-03-08T23:15:29.747204+00:00 WARNING 'ansible_navigator.run' Dirty exit, killing the pid
2026-03-08T23:17:35.050802+00:00 CRITICAL 'ansible_navigator.actions.run_playbook._handle_message' Unhandled message from runner queue, discarded: {'event': 'verbose', 'uuid': '82cbdf0c-8edf-428b-a3d1-4d6e7fb3a441', 'counter': 1, 'stdout': '\x1b[0;34mUsing /home/student/system-users/ansible.cfg as config file\x1b[0m', 'start_line': 0, 'end_line': 1, 'runner_ident': '003703db-a389-4908-a6c4-d38d5add48ca', 'created': '2026-03-08T23:17:35.042502'}
2026-03-08T23:19:07.919770+00:00 CRITICAL 'ansible_navigator.actions.run_playbook._handle_message' Unhandled message from runner queue, discarded: {'event': 'verbose', 'uuid': '51b0d283-7444-41ef-80bd-18dd127a95b9', 'counter': 1, 'stdout': '\x1b[0;34mUsing /home/student/system-users/ansible.cfg as config file\x1b[0m', 'start_line': 0, 'end_line': 1, 'runner_ident': '34873eb2-101c-42ba-b93c-32d2e9540340', 'created': '2026-03-08T23:19:07.911835'}
